Barcode,Cluster
AAACAAGTATCTCCCA-1,3
AAACAATCTACTAGCA-1,2
AAACACCAATAACTGC-1,1
AAACAGAGCGACTCCT-1,2
AAACCGGGTAGGTACC-1,4
AAACCGTTCGTCCAGG-1,5
AAACCTCATGAAGTTG-1,2
AAACGAAGAACATACC-1,6
AAACGAGACGGTTGAT-1,5
AAACGGTTGCGAACTG-1,1
AAACTCGGTTCGCAAT-1,2
AAACTGCTGGCTCCAA-1,5
AAACTTGCAAACGTAT-1,1
AAAGACCCAAGTCGCG-1,4
AAAGGCCCTATAATAC-1,1
AAAGGCTACGGACCAT-1,1
AAAGGCTCTCGCGCCG-1,5
AAAGGGATGTAGCAAG-1,2
AAAGGGCAGCTTGAAT-1,3
AAAGTAGCATTGCTCA-1,7
AAAGTCACTGATGTAA-1,4
AAAGTCGACCCTCAGT-1,1
AAAGTGTGATTTATCT-1,4
AAAGTTGACTCCCGTA-1,3
AAATAACCATACGGGA-1,6
AAATACCTATAAGCAT-1,1
AAATAGCTTAGACTTT-1,2
AAATAGGGTGCTATTG-1,3
AAATCGTGTACCACAA-1,5
AAATCTAGCCCTGCTA-1,2
AAATGCTCGTTACGTT-1,5
AAATGGCATGTCTTGT-1,4
AAATGGCCCGTGCCCT-1,1
AAATGGTCAATGTGCC-1,7
AAATTAACGGGTAGCT-1,7
AAATTACACGACTCTG-1,6
AAATTACCTATCGATG-1,6
AAATTGATAGTCCTTT-1,5
AAATTGCGGCGGTTCT-1,4
AAATTTGCGGGTGTGG-1,7
AACAACTGGTAGTTGC-1,5
AACAATACATTGTCGA-1,1
AACAATTACTCTACGC-1,5
AACACACGCTCGCCGC-1,2
AACACGACTGTACTGA-1,6
AACACGAGACGCGGCC-1,1
AACACGCGGCCGCGAA-1,6
AACAGCTGTGTGGCAA-1,1
AACAGGAAATCGAATA-1,4
AACAGGATGGGCCGCG-1,1
AACATATCAACTGGTG-1,6
AACATTGAAGTTGATC-1,1
AACATTGTGACTCGAG-1,1
AACCAAGACTTCTCTG-1,1
AACCATGGGATCGCTA-1,5
AACCCAGAGACGGAGA-1,2
AACCCTACTGTCAATA-1,4
AACCCTGGTGGAACCA-1,6
AACCGAGCTTGGTCAT-1,2
AACCGCTAAGGGATGC-1,4
AACCGTTGTGTTTGCT-1,4
AACCTCGCTTTAGCCC-1,3
AACCTTTAAATACGGT-1,3
AACCTTTACGACGTCT-1,6
AACGATAATGCCGTAG-1,3
AACGATAGAAGGGCCG-1,5
AACGATATGTCAACTG-1,5
AACGCGAACGGCAACA-1,4
AACGCGACCTTGGGCG-1,5
AACGCGGTCTCCAGCC-1,3
AACGCTGTTGCTGAAA-1,3
AACGGACGTACGTATA-1,3
AACGGCCATCTCCGGT-1,7
AACGTACTGTGGGTAC-1,5
AACGTCAGACTAGTGG-1,3
AACGTGATGAAGGACA-1,6
AACGTGCGAAAGTCTC-1,5
AACTAGCGTATCGCAC-1,6
AACTAGGCTTGGGTGT-1,1
AACTCAAGTTAATTGC-1,7
AACTCCAGAGCGTGTT-1,3
AACTCCTAATCCCATG-1,6
AACTCGATGGCGCAGT-1,2
AACTCTCAATAGAGCG-1,4
AACTCTCAGTGTGCTC-1,1
AACTGATATTAGGCCT-1,4
AACTGGGTCCCGACGT-1,2
AACTGGTGTGGGCCTT-1,6
AACTTCTGCGTCTATC-1,5
AACTTGCCCGTATGCA-1,1
AACTTGCGTTCTCGCG-1,2
AACTTTAGCTGCTGAG-1,6
AAGAAGGATCAGTTAG-1,4
AAGACCCAACTGAACA-1,1
AAGACTAACCCGTTGT-1,6
AAGACTGCAAGCTACT-1,5
AAGAGATGAATCGGTA-1,5
AAGAGCTCTTTATCGG-1,5
AAGAGGATGTACGCGA-1,1
AAGAGGCATGGATCGC-1,5
AAGATGGCACCGGACC-1,1
AAGATTGGCGGAACGT-1,4
AAGCACCCTGCGTATC-1,3
AAGCATACTCTCCTGA-1,3
AAGCCGCCGTGAAATC-1,1
AAGCGTCCCTCATCGA-1,1
AAGCTAGATCGAGTAA-1,1
AAGCTCGTGCCAAGTC-1,5
AAGCTCTTTCATGGTG-1,2
AAGGAGCGGTTGGTGC-1,7
AAGGATGAGGGACCTC-1,4
AAGGCGCGTAAAGCTT-1,3
AAGGCTGTGCTCATCG-1,7
AAGGGAACGACTGGCT-1,1
AAGGGACAGATTCTGT-1,6
AAGGGACTATGCATTC-1,1
AAGGTATCCTAATATA-1,4
AAGGTGATAAACCAGC-1,4
AAGTAGAAGACCGGGT-1,2
AAGTAGTGACGCGAGG-1,7
AAGTCAATTGTCGTCA-1,3
AAGTGACGACCGAATT-1,1
AAGTGAGTCGGGTTTA-1,1
AAGTGCCTTGACTGTA-1,2
AAGTGCGTTAGAATCT-1,7
AAGTGCTTCTCTATTG-1,1
AAGTGTTTGGAGACGG-1,3
AAGTTCACTCCAAGCT-1,2
AAGTTCGGCCAACAGG-1,7
AAGTTTACTAATGGCA-1,6
AATAACAACGCTCGGC-1,1
AATAACACTAGAACAA-1,1
AATAAGTCCTCGAGAC-1,6
AATACAATGTTTCAGG-1,4
AATACCGGAGGGCTGT-1,1
AATAGAACAGAGTGGC-1,1
AATAGAATCTGTTTCA-1,3
AATAGTCCGTCCCGAC-1,1
AATATCAAGGTCGGAT-1,4
AATATCGAGGGTTCTC-1,6
AATATTGGAGTATTGA-1,5
AATCAGACTGCAGGAC-1,6
AATCAGGTTTCATTTA-1,1
AATCATGTAAAGACTC-1,3
AATCCAAGGGCCTGAG-1,4
AATCCATGCAAGGGTG-1,4
AATCGCCTCAGCGCCA-1,3
AATCGGGACACTACGA-1,6
AATCTAGGTTTACTTG-1,1
AATCTGCGTTGGGACG-1,4
AATCTGGCTTTCTAGT-1,1
AATGACAGCAATGTCT-1,7
AATGACGTAGGATGTC-1,3
AATGACTGTCAGCCGG-1,2
AATGAGTTCGCATATG-1,2
AATGATGATACGCTAT-1,6
AATGATGCGACTCCTG-1,2
AATGCAACCGGGTACC-1,2
AATGCACCAAGCAATG-1,2
AATGGTTCTCACAAGC-1,2
AATGTGCCCGAGGTGT-1,5
AATGTGCTAATCTGAG-1,1
AATTAAAGGTCGGCGT-1,7
AATTAACGGATTTCCA-1,3
AATTAGCGCTGCAGCG-1,1
AATTCATAAGGGATCT-1,6
AATTCCAAGCATGTAC-1,2
AATTCTAGAGTTAGGC-1,5
AATTGAACGCTCTGGT-1,3
AATTTGGGACATAGTA-1,6
AATTTGGTTCCAAAGA-1,6
ACAAACCATGCGTCCT-1,1
ACAAATCGCACCGAAT-1,3
ACAAATGGTAGTGTTT-1,3
ACAACAGCATGAGCTA-1,4
ACAACGGTCCCTGCGA-1,2
ACAAGCAGTGCCTAGC-1,1
ACAAGGAAATCCGCCC-1,3
ACAAGGACAAGAGGTT-1,7
ACAAGGATGCTTTAGG-1,3
ACAAGGGCAGGCTCTG-1,3
ACAATAGTCGTACGTT-1,1
ACAATCCATTTAAACC-1,7
ACAATGAATACGGAGA-1,1
ACAATTGTGTCTCTTT-1,3
ACAATTTGAGCAGTGG-1,4
ACACAAAGACGGGTGG-1,2
ACACACCAGGACCAGT-1,4
ACACACTTTCTACACG-1,4
ACACATGATCAAATCT-1,1
ACACCCAGCATGCAGC-1,2
ACACCCGAGAAATCCG-1,2
ACACCGGTCTGACCGC-1,1
ACACCTTAAGTAGGGC-1,3
ACACGAGACTCCTTCT-1,2
ACACGGCACTATGCAT-1,6
ACACGGGAACTTAGGG-1,2
ACACTCCAATGTCACT-1,4
ACACTGATCAAGGTGT-1,1
ACAGAACTGAGAACAA-1,1
ACAGATTAGGTTAGTG-1,6
ACAGCATAGAGCCAGT-1,4
ACAGCGCACCCGCAGC-1,6
ACAGGCTTGCCCGACT-1,3
ACAGGTGGAGGTGAGG-1,1
ACATAATAAGGCGGTG-1,3
ACATCCCGGCCATACG-1,1
ACATCCTGGTAACTGT-1,3
ACATCGATCGTTTACC-1,1
ACATCGGTCAGCCGCG-1,7
ACATCGTATGCAATGG-1,3
ACATCGTTAACCTAGT-1,6
ACATGGCGCCAAAGTA-1,2
ACATTAGTTTATATCC-1,5
ACCAACGCTTATTTAT-1,2
ACCAAGAACGCGTGTC-1,3
ACCAATATGCAAGTTA-1,2
ACCACAACTCAGAACA-1,2
ACCACAAGTTTCTATC-1,7
ACCACGTGCAGCTATA-1,3
ACCAGGAGTGTGATCT-1,6
ACCAGTGCGGGAGACG-1,2
ACCATATCCGCAATAA-1,5
ACCATCGTATATGGTA-1,7
ACCCAACGCCCGTGGC-1,4
ACCCACCTACATGCTC-1,2
ACCCATCTTGAGGGTA-1,7
ACCCGAGCGAAATTAC-1,1
ACCCGATTGGTTCCGA-1,1
ACCCGGAAACTCCCAG-1,3
ACCCGGATGACGCATC-1,6
ACCCGGTTACACTTCC-1,7
ACCCGTGTCATCAGTA-1,1
ACCCTATAGGACTGAG-1,2
ACCCTATGCCATATCG-1,1
ACCCTCCCTTGCTATT-1,3
ACCCTTCATCTGCGAA-1,4
ACCGAAAGGGCCCTGC-1,4
ACCGACACATCTCCCA-1,3
ACCGACTGAGTCCCAC-1,2
ACCGATGGTAGCATCG-1,3
ACCGCAATAACTGCCT-1,3
ACCGCGGTGGAAGTCG-1,2
ACCGGGCCTTTGTTGA-1,4
ACCGGTCAGGTACACC-1,2
ACCGTGACCACGTGGG-1,1
ACCGTTCCCGCTCTGA-1,6
ACCTAAGTACCTTTCA-1,7
ACCTAATCGACTTCCT-1,1
ACCTCGAACTTATGCT-1,1
ACCTGCGTGTCATGTT-1,1
ACGAAATGGGCGGCAC-1,1
ACGACTGGTCATACTC-1,1
ACGAGAACCCATCACG-1,2
ACGAGATATTTGCTTA-1,6
ACGAGGATACCACTCT-1,1
ACGATACATAGAACTA-1,4
ACGATCATACATAGAG-1,2
ACGATCATCTTGTAAA-1,3
ACGATGCATATGTTAT-1,7
ACGATGGATCCGATGC-1,6
ACGCAAACTAATAGAT-1,5
ACGCATTCGTGAGTAC-1,5
ACGCCAGATGATTTCT-1,4
ACGCCGCTAGACGACC-1,5
ACGCGAAGTCAGACGA-1,5
ACGCGCTACACAGGGT-1,7
ACGCGGGCCAAGGACA-1,5
ACGCTAGTGATACACT-1,6
ACGGAATTTAGCAAAT-1,5
ACGGACTCTCAAAGCG-1,2
ACGGATGGTGCGGATA-1,2
ACGGCACTTGCTTGGG-1,5
ACGGCCAACATGGACT-1,5
ACGGCGACGATGGGAA-1,3
ACGGCGGGTTGCCCTG-1,6
ACGGGAGTGTCGGCCC-1,7
ACGGTCACCGAGAACA-1,1
ACGTACAGATTTCTCT-1,6
ACGTACTTTGGCACGG-1,1
ACGTAGATTGCTGATG-1,2
ACGTATTACTCCGATC-1,4
ACGTGCGCCTCGTGCA-1,5
ACGTTAATGTCGAAGA-1,5
ACGTTAGATTTGCCCG-1,7
ACGTTCCGCGCTCCGT-1,6
ACGTTCGTTCAGGAAA-1,1
ACGTTTAGTTGTGATC-1,4
ACTACATCCCGACAAG-1,1
ACTACCAGCTCTCTGG-1,3
ACTACGCGTTAGAATT-1,1
ACTAGTTGCGATCGTC-1,2
ACTATGTCCAGCTGCC-1,1
ACTATTCGTCCGTGGT-1,6
ACTATTTCCGGGCCCA-1,1
ACTCAACGAATGTATT-1,4
ACTCAAGTGCAAGGCT-1,2
ACTCAATAAAGGCACG-1,4
ACTCAGACCTGCTTCT-1,4
ACTCATGGCAGCCTTC-1,1
ACTCCAATATCATCAT-1,1
ACTCCCATTCCTAAAG-1,1
ACTCCCGAATTCGTTT-1,2
ACTCCCTAATGCTAAA-1,3
ACTCCCTAGAATAGTA-1,1
ACTCGTAACCCGTCCT-1,7
ACTCGTCAGTAATCCC-1,5
ACTCTCTGACTTAGGT-1,3
ACTCTCTTATACACGA-1,2
ACTCTTGTATAGTAAC-1,5
ACTGAAACGCCGTTAG-1,3
ACTGAATGGCGAAAGT-1,3
ACTGCCCGCCATTCTC-1,1
ACTGCCGTCGTAACTC-1,4
ACTGTACGATACACAT-1,5
ACTGTAGCACTTTGGA-1,2
ACTGTATACGCGAGCA-1,4
ACTGTCCAGGATTATA-1,7
ACTGTCTTCTTTAGAA-1,2
ACTGTGCTAGTAGATC-1,5
ACTTACCGGGCGCGCA-1,2
ACTTACGCATCCACGC-1,3
ACTTAGTACGACAAGA-1,5
ACTTATACTTACCCGG-1,4
ACTTATCTGATCTATA-1,6
ACTTATTAGGATCGGT-1,7
ACTTATTTATGTGCCA-1,4
ACTTCAGGCTGATCCC-1,3
ACTTCCATGCGGGACA-1,3
ACTTCGCCATACGCAC-1,5
ACTTGACTCCCTCTTT-1,5
ACTTGCCATATTGTAC-1,6
ACTTGGGACCCGGTGG-1,7
ACTTTACCCTCATGAA-1,2
ACTTTCCTATAGCTTC-1,2
AGAACGTGGTACATTC-1,2
AGAAGAGCGCCGTTCC-1,2
AGAAGGTTGCCGAATT-1,7
AGAAGGTTGTAGGTCG-1,2
AGAAGTGATTCGTGAT-1,7
AGAATTATGGATTCGA-1,6
AGAATTGTTTGACATA-1,5
AGACATAGATCCTTCC-1,6
AGACCATGGGATACAA-1,3
AGACCCACCGCTGATC-1,5
AGACCCGCCCTCCTCG-1,2
AGACCGGGAAACCCTG-1,1
AGACGAAGTGCCGGTC-1,3
AGACGACGATGCCGCT-1,1
AGACTAGCCTTCCAGA-1,7
AGACTGTTACCGGGTC-1,1
AGAGAAACACCAGAAA-1,1
AGAGAACCGTCTAGGA-1,4
AGAGAAGGAGTACAAT-1,1
AGAGATCTCTAAAGCG-1,1
AGAGCAGTTATGAGAC-1,1
AGAGCGGGCTAATCAT-1,4
AGAGCGTACAAGCTCG-1,2
AGAGGCTTCGGAAACC-1,3
AGAGGTATCTCGGTCC-1,2
AGAGTAAACTTCACTA-1,2
AGATAACTTCAGGGCC-1,7
AGATACCGGTGTTCAC-1,7
AGATACGACTTCATAT-1,5
AGATACTCAAGATCGA-1,3
AGATATAATACGACTA-1,3
AGATCGTGCATAAGAT-1,6
AGATCTCAGGTGTGAT-1,5
AGATGACTCGCCCACG-1,2
AGATGATGGAGTCTGG-1,5
AGATGCAAGACGTGCA-1,1
AGATTATAGGACGTTT-1,7
AGCAAAGGCCGCTAGT-1,3
AGCAACATATCTTATT-1,4
AGCAACCGAAAGTAAT-1,1
AGCACACGTTTAGACT-1,1
AGCACCAGTACTCACG-1,2
AGCACTACCGGCCTGT-1,1
AGCACTACCTCACCAG-1,2
AGCACTTAAGGACGCC-1,7
AGCAGAAGGAGAAAGA-1,3
AGCAGCCAGATGAATA-1,1
AGCATATCAATATGCT-1,3
AGCATCATTTCGAAAG-1,1
AGCATCGTCGATAATT-1,2
AGCCAAGCTTTGTGTC-1,1
AGCCACTCCCGTGCTT-1,4
AGCCCATACATGTAAG-1,1
AGCCCGGCATTAGAGG-1,1
AGCCCGGTAGCCTGTA-1,2
AGCCCTAAGCGAAGTT-1,4
AGCCCTCCCTGGTGGC-1,1
AGCCGTGGCTAAATGT-1,7
AGCGACAGGAACGGTC-1,1
AGCGACATCCCATTCA-1,5
AGCGACCAACGATATT-1,2
AGCGAGACGTGAAGGC-1,1
AGCGCATAATGAATCG-1,1
AGCGCGGGTGCCAATG-1,6
AGCGGACACTTCGTAG-1,3
AGCGGGAAGGGTCCAT-1,4
AGCGGGTCTGACACTC-1,3
AGCGTACGAGAGCTAG-1,4
AGCGTCTGAACCCGCA-1,6
AGCGTGGTATTCTACT-1,5
AGCTAACAAGCAATGT-1,1
AGCTAGAAGCAGAAGT-1,6
AGCTATTTAATCCAAC-1,4
AGCTCCTTCGCACATC-1,2
AGCTCTAGACGTTCCA-1,5
AGCTCTTCCCAGTGCA-1,6
AGCTCTTTACTCAGTT-1,7
AGCTGAAGTAAACCAA-1,4
AGCTGTAACCTCAATC-1,1
AGCTTATAGAGACCTG-1,6
AGCTTGATCTTAACTT-1,1
AGGAAGCTGTCCGCCG-1,3
AGGACAGTCGAATCCC-1,3
AGGACATCGCACGTCG-1,3
AGGACGACCCATTAGA-1,7
AGGACGCTCGATGTTG-1,2
AGGAGGCCTTCGCGCG-1,3
AGGATAAAGTCGGGAT-1,1
AGGATATAGGGATTTA-1,4
AGGATCACGCGATCTG-1,1
AGGCAGATGCGTAAAC-1,4
AGGCAGGGAGCGTACT-1,5
AGGCATTGTCGTAGGG-1,3
AGGCCACCCGTTATGA-1,5
AGGCCCATTGTACAGG-1,5
AGGCCCTAGAACGCCA-1,1
AGGCCTGAGAATCTCG-1,2
AGGCGGTTTGTCCCGC-1,1
AGGCTATGGTTAGCTT-1,2
AGGCTTCCCGAAGAAG-1,1
AGGCTTGCTAGACACC-1,3
AGGGAAACGAGGTACT-1,6
AGGGACAGCACGGCGG-1,6
AGGGACTCTACGCGAC-1,5
AGGGCAGCGGCGTGGT-1,6
AGGGCGAGCAGCTGAT-1,1
AGGGCGTGATCGGCTA-1,3
AGGGCTGCAGTTACAG-1,5
AGGGTCGATGCGAACT-1,4
AGGGTGCCGTTCTTTA-1,1
AGGGTGCTCTCGAGGG-1,4
AGGGTTCCCTTTGGTT-1,4
AGGGTTTAGTTCGGGA-1,2
AGGTAACCTCCTATTC-1,4
AGGTACGATATTGCCA-1,6
AGGTAGATCGAGATAT-1,1
AGGTAGGTACAAAGCT-1,7
AGGTCAGGTGAGAGTG-1,1
AGGTGGTGACCTTCGC-1,1
AGGTGTATCGCCATGA-1,1
AGGTTGAGGCACGCTT-1,4
AGGTTTCACACACCTT-1,5
AGTAATGTCTTGCCGC-1,5
AGTACGGGCACCTGGC-1,4
AGTACTCTTATGCCCA-1,2
AGTAGGTAACATACAT-1,4
AGTATAATACTAGGCA-1,3
AGTATACACAGCGACA-1,2
AGTATCCATAATAACG-1,6
AGTATGCTGGAGACCA-1,1
AGTATTTGGCACGACC-1,1
AGTCAAATGATGTGAT-1,1
AGTCAACACCACCATC-1,7
AGTCAAGATGACACTT-1,3
AGTCACTAGCTCTCGA-1,2
AGTCACTCCGCCTCAT-1,4
AGTCAGCCACCGCCTG-1,5
AGTCCATTGGCTGATG-1,3
AGTCCCGCCTTTAATT-1,6
AGTCGACGGTCTCAAG-1,4
AGTCGGCCCAAACGAC-1,3
AGTCGGCTCAACTTTA-1,7
AGTCGTCGACCACCAA-1,2
AGTCGTGGGCATTACG-1,7
AGTCTCACAAGACTAC-1,1
AGTCTGGACATCCTTG-1,5
AGTCTTCTCCTCAAAT-1,3
AGTGAACAAACTTCTC-1,3
AGTGACCTACTTTACG-1,7
AGTGACTGTGACACAA-1,1
AGTGAGACTTCCAGTA-1,4
AGTGAGCCTCGCCGCC-1,3
AGTGATAACCTGCGCG-1,2
AGTGATATGAGTAGTT-1,2
AGTGATTCAAGCAGGA-1,4
AGTGCACGCTTAAGAA-1,3
AGTGCGTAGCTCGTAA-1,7
AGTGCTAAACACAGCA-1,2
AGTGCTTGCACGAATA-1,4
AGTGGCGGCAATTTGA-1,6
AGTGGCGTCTGAAGGT-1,2
AGTGTATTGCGCATTG-1,6
AGTGTGGTCTATTGTG-1,5
AGTTAAACACTTGCGA-1,7
AGTTAAGCGGTCCCGG-1,4
AGTTAAGTCAACCGCT-1,2
AGTTACTCTATCGTGG-1,6
AGTTCCTACAGAATTA-1,7
AGTTCCTATTTATGTT-1,5
AGTTCTGCGTTGTATC-1,2
AGTTGACATCGGCTGG-1,2
AGTTGACGGTCCTTGC-1,3
AGTTGCTGACTGATAT-1,2
AGTTTCGCAGGTCGGA-1,4
AGTTTGCACCTGCCTC-1,3
AGTTTGGCACGGGTTG-1,3
AGTTTGGCCAGACCTA-1,7
ATAAACCATTGGACGG-1,2
ATAAACGGACCCGTAA-1,5
ATAAAGGCTCGGTCGT-1,7
ATAAATATTAGCAGCT-1,1
ATAACGCCGGAGGGTC-1,3
ATAACGGAGTCCAACG-1,5
ATAAGGTGGAGAACAT-1,3
ATAAGTAGGATTCAGA-1,2
ATAAGTTACCGCGACG-1,1
ATAATAGCTGTTGAAT-1,5
ATAATAGTGTAGGGAC-1,5
ATAATCTTGGAGAACC-1,3
ATAATTAGCTAAGTAG-1,3
ATACAGGCCCTCCAAT-1,3
ATACCACGGGCAACTT-1,1
ATACCAGCAAATTGCT-1,2
ATACCAGGCTAATAGA-1,6
ATACCTAACCAAGAAA-1,3
ATACGCCGATCTACCG-1,6
ATACGCCGGCGAAACC-1,5
ATACGGAACGTCGTTT-1,1
ATACGGGTTTCGATTG-1,4
ATACGTACTTAGCCAC-1,2
ATACGTCCACTCCTGT-1,4
ATACGTTATGCACGGA-1,3
ATACTAGCATGACCCT-1,3
ATACTCTCGCCACTCT-1,2
ATACTGCCTTACACCG-1,2
ATAGACAACGGGACCT-1,4
ATAGACGAAGAGAAAG-1,7
ATAGAGTACTGGGACA-1,3
ATAGAGTTATCAACTT-1,6
ATAGGCGGCTATAGAA-1,7
ATAGGCTAGCTTCGCA-1,6
ATAGGGATATCCTTGA-1,5
ATAGGTTGGGCAGATG-1,2
ATAGTCTTTGACGTGC-1,6
ATAGTGAAGCGTTCTC-1,1
ATAGTTCCACCCACTC-1,3
ATATAAAGCGCTCGTG-1,3
ATATAAATGTAGCTGC-1,3
ATATCAACCTACAGAG-1,2
ATATCGTTCCTCGAAC-1,3
ATATCTCCCTCGTTAA-1,6
ATATCTTAGGGCCTTC-1,1
ATATGTCTCCCTAGCC-1,6
ATATTCAGTTAAACCT-1,7
ATATTCCACATAGTGA-1,3
ATATTCCCACAGGTCA-1,4
ATATTGCTGTCAAAGT-1,2
ATATTTAACCCTCAAG-1,7
ATCAAACACTGTTCCA-1,2
ATCAAACGAAGGTTTG-1,7
ATCAATCTGGGCTGCA-1,2
ATCAATGCCGTGGCTG-1,1
ATCACATTAGAATATC-1,4
ATCACGTGCTAATTAA-1,7
ATCACTTCATCCTCGC-1,2
ATCAGACGGCACGCCG-1,7
ATCAGCCTCATGCTGC-1,2
ATCAGTAGGCAGGGAT-1,4
ATCATCCAATATTTGT-1,1
ATCCAACGCAGTCATA-1,3
ATCCAATGGAGGGTCC-1,7
ATCCACATCGACAGAA-1,3
ATCCAGAGCAACAACC-1,5
ATCCAGGATTCGTGAA-1,7
ATCCTACCTAAGCTCT-1,7
ATCCTGAATCGCTGCG-1,1
ATCCTGCGTGGAATGG-1,7
ATCCTGCTGCAGATAG-1,6
ATCGACCCAATACAGA-1,1
ATCGACTCTTTCCGTT-1,2
ATCGCACGATTGTTCA-1,2
ATCGCACGCCGGGAGA-1,2
ATCGCCAGTCAACATT-1,2
ATCGGAGACAGACGGC-1,3
ATCGGCAAGCAGTCCA-1,6
ATCGTGGAAAGTCTGG-1,1
ATCTAATATCCTACGG-1,3
ATCTAGCTTGTGAGGG-1,2
ATCTCCCTGCAATCTA-1,4
ATCTGACATGGAAGGA-1,1
ATCTGCACCTCTGCGA-1,6
ATCTGCTGTTATCGCC-1,2
ATCTGGGCTGTTCTTG-1,3
ATCTGGTTAAGACTGT-1,5
ATCTGTAATTGTACCC-1,5
ATCTTGACCTGCAACG-1,3
ATGAAGCCAAGGAGCC-1,2
ATGACGCCGGCTCTAA-1,5
ATGACGCGTTCTATCC-1,1
ATGACTATCAGCTGTG-1,1
ATGACTATGCGACATT-1,4
ATGAGGAGTGTTAATC-1,3
ATGATCGGGAATAGAC-1,2
ATGATGCAATGGTACA-1,7
ATGCACTACCGCATTG-1,2
ATGCATGATCCAGGAT-1,2
ATGCATTCCGTGATGG-1,6
ATGCCATTTGCGACCA-1,4
ATGCCGGTCTTGCATA-1,5
ATGCCGGTTGATGGGA-1,4
ATGCGACAGTCCCATT-1,5
ATGCGAGTCCCACCAC-1,2
ATGCTCAGTGTTGCAT-1,3
ATGCTCTGGCGCGGTA-1,2
ATGGAGCAGGCCGTGA-1,5
ATGGATCCGGCGTCCG-1,4
ATGGATTGACCAAACG-1,2
ATGGCAGCATTACGAT-1,1
ATGGGACCTGCTGAAC-1,1
ATGGGCCTCGGCCTCT-1,4
ATGGGTGTATACCTCC-1,1
ATGGTATTTACTGATT-1,1
ATGGTCGCGTGGTTTC-1,3
ATGTACGATGACGTCG-1,3
ATGTGAAAGCCTAATG-1,1
ATGTGCATCCGACGCA-1,2
ATGTGGACATCTTGAT-1,3
ATGTGTAGTTTAGTCA-1,6
ATGTTACGAGCAATAC-1,5
ATGTTGTAGTCTGTTT-1,5
ATTAAACATGCGGACC-1,5
ATTAATACTACGCGGG-1,2
ATTAATGAACCAGTCG-1,4
ATTAATTCGGTCACTC-1,4
ATTACAACTACCGGCC-1,6
ATTACGCGCTGGCAGG-1,7
ATTACTAGCCTCTTGC-1,2
ATTACTTACTGGGCAT-1,2
ATTAGATTGATAGCGG-1,2
ATTAGGCGATGCTTTC-1,5
ATTATACTTTGCTCGT-1,4
ATTATCTCGACAGATC-1,6
ATTATGCCATAGGGAG-1,2
ATTATTATGTCCGTCA-1,1
ATTCACTGATGTTGGA-1,3
ATTCAGGACCTATTTC-1,2
ATTCAGTAGCAGGGTC-1,5
ATTCATATACTGTCCA-1,5
ATTCATCGTTGAGGCA-1,2
ATTCCCACATAAACAA-1,2
ATTCCTCCGCCAGTGC-1,2
ATTCCTTCCAGGCGGT-1,4
ATTCGACGCCGGGCCT-1,1
ATTCTCGTCTCTTTAG-1,4
ATTCTTCGTACTTATG-1,2
ATTGAAGATCTTAGTG-1,7
ATTGACGTAACTCGGT-1,6
ATTGATAGCAACGAGA-1,2
ATTGATGAGTCCTAAC-1,6
ATTGCCTATTAGACCG-1,1
ATTGCGATCAGTAACT-1,3
ATTGCTGCTCCTCCAT-1,7
ATTGGATTACAGCGTA-1,2
ATTGGGAATATCTTGG-1,4
ATTGTACAACTCGGCT-1,2
ATTGTCGCAATACCTT-1,6
ATTTAACTCGTATTAC-1,4
ATTTACAGTTTACTGG-1,7
ATTTCATTATTTCGCG-1,6
ATTTCCGGGTTCTGCG-1,1
ATTTGCGCGAGTAGCT-1,1
ATTTGTCTTGGGAGCT-1,3
ATTTGTTCCAGGGCTC-1,4
CAAACGAGTATCGCAG-1,5
CAAACGGTCGCACTTT-1,7
CAAACTACGATAGAGA-1,6
CAAACTATTGAGCTTC-1,6
CAAAGATTATTGGGCC-1,1
CAAATCTCTCACAAGG-1,1
CAAATGTCCTTCCGTG-1,1
CAAATTGTCAGCAAGC-1,4
CAACGACCCGTTTACA-1,2
CAACGGTTCTTGATAC-1,2
CAACTATATCGAATGC-1,4
CAACTCCTTGATCCCG-1,2
CAACTGCTCATCCGAT-1,1
CAACTTGTAGTGGGCA-1,4
CAAGAGGGCGGAGTAC-1,3
CAAGATATTATAACGT-1,4
CAAGCAACGTCGGAGT-1,7
CAAGCACCAAATGCCT-1,5
CAAGCGGCACATAATT-1,3
CAAGGATCGCATGTTC-1,5
CAAGTGAACTTTGGTT-1,6
CAAGTGTGGTTGCAAA-1,4
CAATAAACCTTGGCCC-1,5
CAATATTCTTGACCTA-1,1
CAATATTGGACTAGTG-1,2
CAATCCCTATACCAGC-1,6
CAATCCTGCCGTGGAG-1,4
CAATGCGAGAAGTATC-1,3
CAATGGATCTCTACCA-1,4
CAATGGTCGGCCTGGG-1,6
CAATTAAGGGTGATGA-1,2
CAATTTCGTATAAGGG-1,1
CACAATGAGCTGCTAT-1,7
CACACAGGGATAGATT-1,2
CACACGCGCTGTCTTA-1,4
CACAGAGACGAGGACG-1,1
CACAGCACCCACGGCA-1,5
CACAGCTAGGGAGTGA-1,3
CACAGGGCCATATAGT-1,2
CACAGGGCCGTTGTCA-1,1
CACATAAGGCGACCGT-1,6
CACATATTAGCAGGAT-1,3
CACATCGTGCACGCGC-1,1
CACATCTCACCGACGA-1,2
CACATGATTCAGCAAC-1,5
CACATGTTTGGACATG-1,2
CACATTCTTTCGATGG-1,6
CACCAGTCAGCATGCA-1,1
CACCATCGGAGGAGAC-1,4
CACCCAAATCTTATGT-1,2
CACCCACACGTCACCC-1,3
CACCCACGAGGCAATT-1,4
CACCCGGTTTGTGACT-1,1
CACCCTAACAAGATCT-1,3
CACCCTTGGTGAGACC-1,1
CACCCTTTCCTCGCTC-1,4
CACCGATACACCGAGC-1,6
CACCGCCAGAAGGTTT-1,2
CACCGCCGACCAGCGA-1,6
CACCGGTAGAGACATT-1,1
CACCGTATCCCATCCG-1,2
CACCGTTAGGGATCAC-1,1
CACCGTTGCGCGATAT-1,7
CACCTAATAGAGTCGT-1,5
CACCTAATCAGTTTAC-1,4
CACCTCGATGGTGGAC-1,4
CACCTTGCGAAACTCG-1,4
CACCTTGGCGCCTTTG-1,3
CACGAAAGTTAGTCCC-1,1
CACGACTAAAGTTCTG-1,6
CACGCACAGCGCAGCT-1,5
CACGCAGCGAGGCTTT-1,7
CACGCGGAACTGTTGC-1,3
CACGTCGGCAACCTCT-1,5
CACGTTCGTGCTCTAG-1,3
CACGTTTCGTACACAC-1,3
CACTAAAGTTGCCTAT-1,5
CACTCAAGAGCTATGG-1,5
CACTCAGCTCTTGAGG-1,6
CACTCCTATGTAAGAT-1,1
CACTCCTCTCGGTCGG-1,6
CACTCGAGCTGAACAA-1,3
CACTGACGATTGTGGA-1,1
CACTGTCCAAGTGAGA-1,2
CACTTAATCAGACGGA-1,7
CACTTCGCCACAGGCT-1,3
CAGAACTTAGCCCTCT-1,2
CAGACACCGATCGCTG-1,5
CAGACCTGTAAGTGTT-1,6
CAGACGAACCTGATAC-1,1
CAGAGACGGTCACCCA-1,5
CAGAGCATGAGCTTGC-1,4
CAGAGGCGATGCATGA-1,5
CAGAGTGATTTAACGT-1,6
CAGATACTAACATAGT-1,3
CAGATATGAAGATGAC-1,1
CAGATCCTGGTTTGAA-1,1
CAGCAGCCCGTTCCTT-1,5
CAGCAGTCCAGACTAT-1,3
CAGCAGTCTGTGCTGC-1,2
CAGCCGGGCCCTCTAT-1,6
CAGCCTCCTGCAGAGG-1,4
CAGCCTCTCCTCAAGA-1,2
CAGCGATTCCCTTCAA-1,1
CAGCTCACTGAGACAT-1,7
CAGCTCGACAAGTTAA-1,4
CAGCTCGTGCTTGTGT-1,5
CAGCTGGCGTAACCGT-1,7
CAGCTTAGTAGGTAGC-1,1
CAGGAAGACTTTATAT-1,6
CAGGATATATCGTTGT-1,1
CAGGCCAGTACCACCT-1,1
CAGGCCGTTTGGGTGT-1,7
CAGGCGCACGGTGGTC-1,1
CAGGCGCCATGCTAGG-1,3
CAGTAATCCCTCCCAG-1,1
CAGTACCAGTTTACGT-1,1
CAGTAGCCCACGCGGT-1,6
CAGTCGAGGATGCAAT-1,6
CAGTCTCTCGGCTAAT-1,4
CAGTCTGTATACTGGG-1,5
CAGTGAATAAATGACT-1,4
CAGTGGTTGCACATGA-1,2
CAGTGTCCGCAGAATG-1,2
CAGTGTCGGCTGGCCC-1,3
CAGTGTTAATCTCTCA-1,1
CAGTTCAAATTGACAC-1,7
CAGTTCCGCGGGTCGA-1,2
CATAACGGACAGTCGT-1,4
CATAAGAAGCTTGGCT-1,3
CATAATGAGCGGGCGA-1,6
CATACAAAGCCGAACC-1,5
CATACACGGTTCCCAC-1,1
CATACCCGTACCCAGT-1,7
CATACGAACTAGCTGG-1,1
CATACGGCGTCTGGGC-1,1
CATACGGGTGCATGAT-1,4
CATACTATGTAATTGT-1,7
CATAGCCGCCCGGGAT-1,2
CATAGCGTTGCCCACC-1,1
CATAGTACATTGAGAG-1,4
CATAGTAGCATAGTAG-1,2
CATAGTCCACAAGAAC-1,7
CATATAGGTACAGTCA-1,1
CATATGTCAGGCTACG-1,7
CATATTATTTGCCCTA-1,6
CATCATCTACCCGGAC-1,6
CATCATTACCCTGAGG-1,3
CATCCAATATAGTTTG-1,1
CATCCTCTCAAAGATC-1,3
CATCGCCCGCGGCCAA-1,2
CATCGGACGGGTTAAT-1,5
CATCTTACACCACCTC-1,6
CATGAACCGACATTTG-1,4
CATGAACCTCTTATCA-1,6
CATGAGATGCACTCTC-1,2
CATGATGCACAATTCT-1,5
CATGATGGAAGTTAGC-1,3
CATGCATGGAGACCCT-1,6
CATGCCAACTCGCAAA-1,1
CATGCGACCAGTTTAA-1,6
CATGCGTTAGACAGAA-1,4
CATGCTGGCTCCAATT-1,4
CATGGATTGTCTTCCG-1,2
CATGGCAGGAAGATCG-1,4
CATGGGTATGCCTTAT-1,2
CATGGGTCGGGTGTGG-1,4
CATGGTAAGTAGCGTT-1,3
CATGGTCTAGATACCG-1,2
CATGTAAGAGACATTT-1,3
CATGTCTCATTTATGG-1,3
CATTACGTCGGCCCGT-1,5
CATTATCCCATTAACG-1,1
CATTATGCTTGTTGTG-1,2
CATTCACTGACAGCTA-1,6
CATTCAGGTCAGTGCG-1,6
CATTCCCTAAGTACAA-1,6
CATTTAGCGGACCATG-1,4
CATTTCTAGCAGACTA-1,5
CATTTGAGTGGTACGT-1,1
CCAAACAGAACCCTCG-1,2
CCAACCTTATGTAACT-1,1
CCAACGATGCACTGAT-1,7
CCAAGAAAGTGGGCGA-1,5
CCAAGACTTCTGCGAA-1,2
CCAAGCGTAACTCGTA-1,2
CCAAGGAACAGAGAGG-1,5
CCAATAGTGCCGTCGA-1,7
CCAATCGGTAGATCGA-1,6
CCAATGTCACAGCAAG-1,7
CCAATTACGGGTCGAG-1,6
CCAATTGAATGTTAAT-1,2
CCACAATGTACGTCTT-1,4
CCACACTGAGATATTA-1,7
CCACAGCTGAAATCAT-1,4
CCACAGTACCCATCCT-1,3
CCACCAACTTTACTGT-1,1
CCACCCAAGGAAAGTG-1,5
CCACGAGAAGAGAATC-1,4
CCACGGAGCCATAAGA-1,7
CCACGGCAGGTGTAGG-1,1
CCACTAAACTGAATCG-1,6
CCACTGGTGGCTGGTT-1,5
CCAGAAAGCAACTCAT-1,1
CCAGAGACAAAGCCGG-1,2
CCAGATAGTTGAGTGA-1,4
CCAGCCTGGACCAATA-1,5
CCAGCTACGCCTCATA-1,4
CCAGCTCGAACGCATT-1,3
CCAGCTGATGGTACTT-1,5
CCAGGGACGTGGCCTC-1,3
CCAGTAGTCTGATCCA-1,4
CCAGTCCATTATTCGA-1,2
CCAGTCTAGACGGCGC-1,4
CCAGTCTTGTCATAGA-1,1
CCAGTGTACAGACCGA-1,1
CCATAAACAACCCGAC-1,6
CCATACCTTTACTTGT-1,6
CCATAGGTTGGCGTGG-1,5
CCATAGTCAGTAACCC-1,2
CCATCCATACCAAGTC-1,5
CCATCGCAGTTAAACT-1,5
CCATCTCACCAGTGAA-1,6
CCATCTTGTTCACAAT-1,6
CCATGCCCTAGATTTC-1,2
CCATGCCTGTTTAGTA-1,7
CCATGCTCTGCAGGAA-1,2
CCATGGCCCTTGTACC-1,1
CCATGTTCATCTATAT-1,1
CCATTAGCGATAATCC-1,7
CCATTCCCTGCCCACA-1,7
CCATTTCTACCTATTA-1,3
CCCAAACATGCTGCTC-1,4
CCCAACATACGTCGCG-1,7
CCCAACCACACTAACA-1,6
CCCAAGACAGAGTATG-1,6
CCCAATGAGATTTGCA-1,1
CCCAATTTCACAACTT-1,7
CCCAGTTAAGGCGCCG-1,3
CCCGACCATAGTCCGC-1,4
CCCGCAGCGCGAACTA-1,5
CCCGCAGGGCCCAAAG-1,6
CCCGCCATGCTCCCGT-1,2
CCCGCGCAATGCACCC-1,5
CCCGGGTCGTTCAGGG-1,3
CCCGGTGGAAGAACCT-1,3
CCCGGTGTATCGGAAT-1,1
CCCGTAAGTCTAGGCC-1,1
CCCGTAGCTGGGAAGA-1,1
CCCGTCAGCGTCTGAC-1,2
CCCTAGTGTCAGGTGT-1,2
CCCTATGTAGAGCAGA-1,1
CCCTCAGATCGAGAAC-1,1
CCCTCATTCTGGAATT-1,3
CCCTCGATAATACACA-1,1
CCCTGAAATGAGTTGA-1,7
CCCTGCCCAATCCGCT-1,1
CCCTGCGCTACGCATA-1,1
CCCTGGTATGGGCGGC-1,2
CCCTTTGACAGGTCTT-1,5
CCGAAAGTGGTGAGCA-1,5
CCGAACACTGGGCCTC-1,1
CCGAACCTTCCCGGCC-1,3
CCGAAGTATATTGTTC-1,5
CCGACAAAGGGAGTGC-1,1
CCGACGGGCATGAGGT-1,1
CCGAGGGATGTTAGGC-1,6
CCGATCTCAACCTTAT-1,6
CCGATTCGAGGGACCC-1,1
CCGCACAAAGACCAAC-1,5
CCGCACGTGACCTCGG-1,5
CCGCATGTGGTACGAT-1,3
CCGCCACCACAATCCA-1,2
CCGCCGGTCAACACAC-1,4
CCGCCTGCGAATTGGT-1,2
CCGCGGAATGCGTCAC-1,5
CCGCGGGTACGAAGAA-1,1
CCGCGTAGGTAAGGGC-1,1
CCGCTATCAGCACCAG-1,5
CCGCTGGTGCCATTCA-1,2
CCGCTTACCTCACTCT-1,7
CCGGAATGGTTTCAGT-1,2
CCGGAGCGTACTTTCT-1,1
CCGGCGCATATTGGAT-1,4
CCGGGACCCGCAGAGA-1,2
CCGGGCGGTCTCGTCA-1,5
CCGGGCTAAGAATTTC-1,1
CCGGGCTGCTCCATAC-1,4
CCGGGTTCGAGGTTAC-1,7
CCGGTTTGTAATTGTG-1,1
CCGTAAGTTGGTCCCA-1,5
CCGTACCCAAGCGCCA-1,4
CCGTATCTCGTCGTAG-1,1
CCGTGCCCATGACGGC-1,4
CCGTGTTAAATTCCAT-1,2
CCGTTACGTTAGAACA-1,6
CCGTTCCGAATCTCGG-1,1
CCTAAAGGCTGACGCT-1,6
CCTAAATTAACGGTTC-1,5
CCTAACCCAAACAAGT-1,4
CCTAACTAAGGCTCTA-1,6
CCTACATTCACAGACG-1,7
CCTACGGCTCAGTCGA-1,5
CCTACTGCTTACACTT-1,3
CCTAGGCGTAGCGATC-1,4
CCTAGTTAGTCGCATG-1,6
CCTATAATGAGTGCCC-1,2
CCTATACCGTCCTGTC-1,1
CCTATATTTGTCCTGG-1,1
CCTATCTATATCGGAA-1,4
CCTATGGCTCCTAGTG-1,1
CCTATGGGTTACCGTC-1,3
CCTATGGTCAAAGCTG-1,2
CCTCACCAATCTTGAC-1,3
CCTCACCTGAGGGAGC-1,6
CCTCACCTTAGCATCG-1,6
CCTCATGCAGCTACGA-1,2
CCTCCCGACAATCCCT-1,6
CCTCCGACAATTCAAG-1,7
CCTCGAAGTGGACGGG-1,4
CCTCGCCAGCAAATTA-1,4
CCTCGCGCGATATAGG-1,6
CCTCGCGCTGTGCGAT-1,1
CCTCGGACCGGGATAG-1,3
CCTCGGTTTCCTTGCC-1,1
CCTCTAATCTGCCAAG-1,5
CCTCTACAAGGATTGG-1,1
CCTCTATCGATTAGCA-1,7
CCTCTCTCCCATCTAG-1,2
CCTCTGGCCTAGACGG-1,4
CCTCTGTACTATTCTA-1,1
CCTGAACGATATATTC-1,2
CCTGAATATTTACATA-1,5
CCTGACCACCGATGGT-1,5
CCTGAGAATAAATGCA-1,1
CCTGCGATAGAACTGT-1,2
CCTGCTATTTGAGAAG-1,3
CCTGGCTAGACCCGCC-1,7
CCTGGTCGAATGTGGG-1,3
CCTGTAAGACATGATA-1,7
CCTGTACTCACGCCCA-1,1
CCTGTCACCCGGGCTC-1,3
CCTGTCGCCCGTAAAT-1,1
CCTGTTTGAAGACACG-1,3
CCTTCAGTTAAAGTGA-1,5
CCTTCTTGATCCAGTG-1,4
CCTTTAAGGGAGCACT-1,5
CCTTTCAATGAAGAAA-1,6
CGAAACATAGATGGCA-1,6
CGAAACGCAATTCATG-1,7
CGAACAGTATGGGCGT-1,3
CGAACCCGCATGCGTC-1,1
CGAACGCCCAGTGCCG-1,4
CGAAGTTGCTCTGTGT-1,7
CGAATCTGCTCGACGC-1,1
CGAATGAAGTCATTGC-1,1
CGAATGACGCATAATG-1,1
CGACAATTTGATCTAA-1,4
CGACACGCTCCGACAG-1,4
CGACAGTTCGCGTTAT-1,7
CGACATGCGATCTTCT-1,6
CGACTCAGGATGTTAT-1,6
CGAGACCCTAGAGTGT-1,1
CGAGAGATGTGAACCT-1,2
CGAGCACTTCAAGTTT-1,2
CGAGCGTTGATCAGCC-1,4
CGAGCTGGGCTTTAGG-1,4
CGAGGCCAGGCATTGG-1,2
CGAGGCTAAATATGGC-1,3
CGAGGGACTGCGGTCG-1,3
CGAGGGTATCCAGGTG-1,3
CGAGTACTAAAGAGGA-1,7
CGAGTGAAGGTACCAG-1,1
CGAGTGCTATAGTTCG-1,4
CGAGTTCTGTCCCACC-1,4
CGAGTTTATCGGACTG-1,3
CGATACCTCGCGGACA-1,7
CGATATTAGCCGCAGG-1,4
CGATCCGACCCAGTGC-1,7
CGATCCTCGCAACATA-1,1
CGATCTGTTGGAGGAC-1,7
CGATGGACCCTACGCC-1,6
CGATTAAATATCTCCT-1,1
CGATTCGCCTGGCTGC-1,3
CGCAAACACGAGTTAC-1,2
CGCAATTACTTTCGGT-1,2
CGCAATTAGGGTAATA-1,5
CGCAATTCTACAATAA-1,2
CGCACATGTCCACTAC-1,4
CGCACGTCTGTTTATG-1,1
CGCACGTGCGCTATCA-1,6
CGCAGAAACATTTGCG-1,6
CGCAGGCGATCCAAAC-1,2
CGCATCATGGCTTCAG-1,6
CGCATGGTGCGATGCT-1,5
CGCATTAGCTAATAGG-1,2
CGCCAAGAAGCCGAGT-1,1
CGCCACCCGCATTAAC-1,2
CGCCATCCGATTATGA-1,4
CGCCCAGCACGCCTAG-1,1
CGCCCGCTTCCGTACA-1,4
CGCCCTTGAAGGCTGA-1,3
CGCCGCCCATGCCTGT-1,3
CGCCTCCCTCCTCTAT-1,5
CGCCTGGCCTACGTAA-1,1
CGCGACCGCGACAGAT-1,2
CGCGAGTCTGCCGGGT-1,1
CGCGCAAATGTCCAGA-1,1
CGCGCAAGGAACTACA-1,6
CGCGCATGTTTGATTG-1,5
CGCGCCCGACTTAATA-1,4
CGCGGCTCAACTTGAA-1,4
CGCGGGAATTAGGCAG-1,5
CGCGTTCATGAAATAC-1,3
CGCTACGGGACATTTA-1,7
CGCTAGAGACCGCTGC-1,3
CGCTATACCGCCCACT-1,5
CGCTATTCAATGTATG-1,2
CGCTATTCTTAGGCTC-1,1
CGCTCGACATAATGAT-1,2
CGCTCTCCGTAGATTA-1,7
CGCTGAGGACGTCCAA-1,3
CGCTGGTGACTACCCT-1,2
CGCTGTGACGCCGCAC-1,3
CGCTGTGTGGATGTTG-1,1
CGCTTAGTATTGATAC-1,1
CGCTTATTCCCGGTCG-1,7
CGCTTCCACTGAAATC-1,2
CGCTTTCATACCGGTG-1,5
CGCTTTCTTGCATTCG-1,4
CGGAAAGAATCAAACG-1,5
CGGAACGTAAACATAG-1,5
CGGAGCAATTTAATCG-1,1
CGGAGCATGGCGATCC-1,5
CGGAGCTTATAACACC-1,6
CGGAGTTTGAGAGACA-1,1
CGGATAAGCGGACATG-1,5
CGGATCCTCAAGGACT-1,2
CGGATGAATGCTGTGA-1,1
CGGCAAACATCGTGCG-1,1
CGGCACCGTTAGCGCC-1,6
CGGCACTCAAGAAAGT-1,4
CGGCAGGGTCGGGTTG-1,4
CGGCCACGCACAAAGT-1,1
CGGCCCAGGTATATCC-1,2
CGGCGCCATCAATCCC-1,3
CGGCTTTGTATGATAA-1,6
CGGGAATATAGTATAC-1,2
CGGGAATTTATGTAAA-1,5
CGGGAGCTTCAGTGTA-1,3
CGGGATCAATGTAAGA-1,2
CGGGCAGCTAAACCGC-1,7
CGGGCCATAGCCGCAC-1,2
CGGGCCTTCTTTGTAA-1,7
CGGGTGTACCCATTTA-1,4
CGGTACTAGAATCAAA-1,3
CGGTAGAGGTGCAGGT-1,6
CGGTCAAGTGGGAACC-1,4
CGGTCCGTCGCAAGCC-1,1
CGGTCTATCAACCCGT-1,4
CGGTGAAGACTAAAGT-1,1
CGGTGCAGATAGAACG-1,7
CGGTGCGCGTTGGTCC-1,5
CGGTGTACTTGATCCC-1,5
CGGTTATCCAACAGTG-1,6
CGGTTCAAGTAGGTGT-1,6
CGGTTCCGGCTTCTTG-1,4
CGGTTGACCTGGCATA-1,1
CGGTTGAGTATCCTTC-1,1
CGTAAACGCTTGAGTG-1,4
CGTAAAGCAAGAAATC-1,1
CGTACCTGATAGGCCT-1,2
CGTAGCGAATTGTCAG-1,6
CGTAGCGCCGACGTTG-1,6
CGTATTAAGAGATCTA-1,7
CGTCACGTCCATTGGT-1,1
CGTCAGTGCGCACAAG-1,4
CGTCATACCATATCCA-1,5
CGTCGCTTGGTTATAC-1,1
CGTCGGATAGTGTTGA-1,4
CGTCGGGTCTAAGCGC-1,1
CGTCGTCCTTCGCGAA-1,3
CGTCTGGAAGGGCCCG-1,4
CGTGAAGTTAATTCAC-1,7
CGTGACATTGGGTCGT-1,6
CGTGACCAGTCCTCTG-1,1
CGTGCAGACTGGGACA-1,5
CGTGCATTGTCGACGC-1,7
CGTGCCCTCCCGAAGA-1,3
CGTGCTGGCCTAGTCG-1,2
CGTGCTTCTACCTAAA-1,1
CGTGGCCGAATATCTA-1,3
CGTGGTACCCAAAGGC-1,1
CGTGTCCCATTCGCGA-1,2
CGTGTCTCGTTACGAC-1,1
CGTTAATGTCCCGACG-1,2
CGTTAGCTCACAACTG-1,6
CGTTCAGACCCGCGAA-1,3
CGTTCATGGTGCGCGT-1,1
CGTTGAATACCGCGCT-1,3
CGTTGAGCGACCGTCG-1,3
CGTTGCCCGCGTGGGA-1,5
CGTTGTCGGCAATTGA-1,3
CGTTGTTTCAATTCCC-1,7
CGTTTAAGCGGAGCAC-1,4
CGTTTCACTTCGGGCG-1,6
CGTTTCGCTCATTACA-1,7
CGTTTGTGTAGAGGGT-1,1
CTAAACGGGTGTAATC-1,6
CTAAAGAATGCCTACT-1,7
CTAAAGGGAAATAGGA-1,5
CTAAAGTCCGAAGCTA-1,6
CTAAATCCGGTGTACA-1,1
CTAAATCCTATTCCGG-1,4
CTAACCGCGCGCCCGT-1,7
CTAACGAAACTTGCTG-1,4
CTAACTGGTCCGGTTC-1,7
CTAAGGGAATGATTGG-1,5
CTAATTCGCACGCGCT-1,5
CTAATTTCAACAACAC-1,2
CTACAAGAAATAACCC-1,1
CTACACTAGCTTGTTC-1,2
CTACCCTAAGGTCATA-1,4
CTACGACTAGCTATAA-1,1
CTACGATCCTATCCTA-1,1
CTACGCACGGAGTACC-1,7
CTACGCCATTTCCGAT-1,6
CTACGTGTTGCCACCA-1,4
CTACTATCATAGGTTT-1,1
CTACTATCTTTCAGAG-1,6
CTACTCAAGGTATAGT-1,1
CTACTCTAGGCCCGGC-1,1
CTACTGCCACCTGACC-1,2
CTAGATAAACTCCTCG-1,4
CTAGATGTGAGTGTAA-1,2
CTAGATTTACGACGGC-1,3
CTAGCAACTAATTTAC-1,2
CTAGCATAGTATAATG-1,5
CTAGCCGATGTTATGA-1,2
CTAGGCGCCCTATCAG-1,3
CTAGGTCTGAAGGAAT-1,2
CTAGGTTCGGACGTGA-1,3
CTAGTAGAAAGGGATT-1,3
CTAGTATTCGGAATTA-1,6
CTAGTCACGTCTTAAG-1,5
CTAGTGAAGGACAGGA-1,7
CTAGTTACAACCCGGT-1,3
CTAGTTGGGCCCGGTA-1,3
CTATAAGAGCCAATCG-1,6
CTATAGGCGTTGATGT-1,1
CTATATCCAGCCTGGC-1,1
CTATCGACGAAATACA-1,3
CTATCGGGTCTCAACA-1,5
CTATGAACACCTTGCC-1,1
CTATGCCCGAATGCAA-1,1
CTATGTCACTAGCCCA-1,3
CTATGTCTATTGAAAC-1,4
CTATGTGAGTCACGGC-1,1
CTATTCATGTGTCCCA-1,1
CTATTTGGTTACGGAT-1,3
CTCAAACCACTGCCCG-1,1
CTCAACTAACCCGGAT-1,2
CTCACATTTACTAAAT-1,3
CTCACTGTGATACTTA-1,3
CTCACTTGGCTGGTAA-1,1
CTCAGGACTCACCTGT-1,5
CTCAGTCACGACAAAT-1,6
CTCATGGCTCACAATC-1,4
CTCATGGTAATTTGCG-1,7
CTCATTGCTCTAACAA-1,3
CTCATTTGATGGGCGG-1,3
CTCCCTCCTTTCGATC-1,1
CTCCGCCCACATGAGG-1,7
CTCCGGCCTAATATGC-1,2
CTCCGGCTTGTAGACA-1,2
CTCCTAAGTTATGTCT-1,4
CTCCTCCAGCTCACAC-1,1
CTCGAGGCAAGTTTCA-1,1
CTCGAGGTCGAACAGT-1,3
CTCGATATTTGCGAGC-1,6
CTCGCACCTATATAGT-1,4
CTCGCCGAATGTAGGG-1,3
CTCGGGTTCTCTGGCC-1,1
CTCGGTACCACTGCTC-1,3
CTCGGTCCGTAGCCTG-1,3
CTCGGTTGTCGGCCCT-1,2
CTCGTCGAGGGCTCAT-1,1
CTCGTTACGGCTACCA-1,5
CTCTACACTGGCGATT-1,7
CTCTATTTGGCTGCAG-1,1
CTCTCACAATCGATGA-1,2
CTCTCGATGTGCGCCT-1,2
CTCTCTAACTGCCTAG-1,1
CTCTGCAGGCATTCTT-1,1
CTCTGCGAAGCAAGCA-1,4
CTCTGGACGCCTGGTG-1,2
CTCTGTGCCTGCTATG-1,2
CTCTGTTTGAGGATTC-1,6
CTCTTCTATTGACTGG-1,3
CTCTTCTGGAAGTTAG-1,1
CTCTTGTCCCGCTTGG-1,1
CTGAAAGAGATCCGAC-1,4
CTGAATCCGAGACCTC-1,5
CTGACTGCGCAGCTCG-1,6
CTGAGCAAGTAACAAG-1,4
CTGATCCCTTTATGCA-1,1
CTGCACAACTACATAT-1,3
CTGCACCTGGAACCGC-1,2
CTGCACTCCAGTACAG-1,3
CTGCCAAGGTTGGAAG-1,4
CTGCCATGCATCACAT-1,1
CTGCCTAGCCACCAAG-1,2
CTGCCTTTAATACCTT-1,1
CTGCGGGTGAAATGTT-1,1
CTGCGGTAGTCACGTG-1,2
CTGCGTTACGATATAA-1,6
CTGCTGAGGCCACGAA-1,7
CTGCTTGGCGATAGCT-1,3
CTGGAAATGGATGCTT-1,7
CTGGAAGACACGGTGG-1,4
CTGGATTTACACTTGA-1,5
CTGGCATCCGAATGAG-1,7
CTGGCGACATAAGTCC-1,4
CTGGCGCACAGGTCTG-1,4
CTGGCGGGAATAAGTA-1,5
CTGGCTCCTGCGGGAT-1,4
CTGGCTGATTCATCCT-1,4
CTGGCTGCTAACGTAA-1,6
CTGGCTGGTTGTCAGT-1,5
CTGGGATAAATAATGG-1,2
CTGGGCCTGCTATATC-1,7
CTGGGTAGGCAGTTAA-1,3
CTGGTAACACATAGAA-1,4
CTGGTAACGAGCTCTT-1,6
CTGGTCCTAACTTGGC-1,6
CTGGTGAATGGGCCTA-1,1
CTGGTTCAACGCATCA-1,4
CTGGTTTCGAGCAAGA-1,2
CTGTACTTCTTAGCAT-1,7
CTGTAGCCATCTCACT-1,5
CTGTATGGTGTAGAAA-1,3
CTGTCAAATGGCTCGG-1,4
CTGTGCAGGGTAGGTC-1,5
CTGTGGTCGGGAGATA-1,2
CTGTTACCCAATCTAG-1,5
CTGTTCACTGCCTGTG-1,2
CTGTTCATCTCACGGG-1,2
CTGTTGTTCAGTCGTA-1,1
CTTAACTTCGAAGTAC-1,4
CTTACACGGTATTCCA-1,7
CTTACACTGGGAAATA-1,2
CTTAGCCTTCCACATG-1,4
CTTAGGTATAGACCAG-1,1
CTTAGTAGGCCTACAG-1,3
CTTAGTGTAGTAGCAT-1,2
CTTAGTTGAGGAATCG-1,1
CTTATGTTGACTACCA-1,4
CTTCAACTCCACTTGG-1,3
CTTCACGCCCTGGTAC-1,1
CTTCAGTGGTCGCCTA-1,1
CTTCATAGCTCAAGAA-1,2
CTTCATTGTCAGTGGA-1,1
CTTCCGCTCCGTGAAG-1,5
CTTCGTAGATAGGTGA-1,7
CTTCTATGTTGAAGTA-1,7
CTTCTATTAATGCTAG-1,1
CTTCTGGGCGTACCTA-1,1
CTTCTTACGTCGTATA-1,4
CTTGACCCGAAAGATA-1,6
CTTGAGGTTATCCCGA-1,2
CTTGAGTTAGGGTAAT-1,4
CTTGCAACCGCCTCCT-1,1
CTTGCCCAGGCTCTAC-1,5
CTTGGCCAAGCTGGGA-1,1
CTTGTACTTGTTGACT-1,2
CTTGTCAACATTCGAG-1,1
CTTGTGAGTCTTTGAC-1,4
CTTGTGCTCACCGATT-1,6
CTTGTTGCTGAGTCAA-1,3
CTTGTTTATGTAGCCA-1,5
CTTTAACTTTCAAAGG-1,3
CTTTAATATTGGTCGA-1,3
CTTTACCGAATAGTAG-1,3
CTTTAGGAACACTGTT-1,3
CTTTAGTGCTATTATT-1,5
CTTTCTGTGCGGGCTT-1,3
CTTTGGCGCTTTATAC-1,1
CTTTGGCTTTAGTAAA-1,7
CTTTGGGATTGTTGCA-1,1
GAAACAGATGACCACC-1,3
GAAACAGCCATGCAGT-1,4
GAAACATAGGAAACAG-1,1
GAAACCGAATTACCTT-1,5
GAAACCTATACAAATG-1,1
GAAACTCGTGCGATGC-1,5
GAAACTCTAATGAAGG-1,6
GAAAGAACAGCGTTAT-1,3
GAAAGCAGTGCACTTT-1,5
GAAAGCCCTTTGGACC-1,1
GAAAGTGACTAACTGC-1,2
GAAATACTAAACGTTT-1,5
GAAATATCACCATCAG-1,1
GAAATCGCGCGCAACT-1,4
GAAATGGCGGTGTTAG-1,7
GAAATGGGATGTAAAC-1,2
GAAATTAGCACGGATA-1,6
GAAATTCACATCGCTG-1,4
GAAATTGTCTCTATAA-1,7
GAACACACATCAACCA-1,2
GAACAGATTACTAAAT-1,3
GAACCATCTGGGAGAC-1,6
GAACCCTCTGTGTTCT-1,3
GAACCTTTAACGATCC-1,3
GAACGACCGAATGATA-1,2
GAACGTCTCATGGTCG-1,4
GAAGAAACGATATTGT-1,1
GAAGAACGGTGCAGGT-1,5
GAAGCCACTGATTATG-1,3
GAAGCCTGCACATTCC-1,1
GAAGCGTGAGGAATTT-1,1
GAAGCTCGGACCCGTC-1,1
GAAGCTTGCTGACCGC-1,7
GAAGGAGTCGAGTGCG-1,2
GAAGTCAGTTGCACTA-1,5
GAAGTCTCCCTAGCGA-1,4
GAAGTGATTTATCGTG-1,7
GAAGTGCTGGATAGCT-1,4
GAAGTTTCCACTCAAT-1,7
GAATAGACGCGACCCA-1,4
GAATAGTGCTCGATTA-1,1
GAATATTCGGAGTCCC-1,6
GAATCGACATGGTCAC-1,3
GAATCGCCGGACACGG-1,4
GAATCTGAACATTCTC-1,5
GAATGCCGAAATGACC-1,5
GAATGCGAATCGGTTC-1,3
GAATGTATGGCAGGTC-1,6
GAATGTGGTCCGGATT-1,3
GAATGTTGGGTAATCT-1,2
GAATTATAGTGAAAGG-1,5
GAATTCACCCGGGTGT-1,5
GAATTTCTCGCTGCAG-1,5
GACAAACATATGCAGG-1,3
GACAACGACCATTGAA-1,5
GACAACGCAGCTTACG-1,2
GACACAAGGGAAGAAA-1,2
GACACGAGTTAGAGGA-1,5
GACACTGAGTTCAGTG-1,7
GACAGCCAGACCTGAC-1,3
GACAGGCACACACTAT-1,5
GACATCCGTCGAACTG-1,3
GACATCGATTTATAAC-1,5
GACCAGAGCCCTGTAG-1,7
GACCCAATTATGATAC-1,1
GACCCGTCGCCGGCTA-1,6
GACCGACTGAAGCGTC-1,1
GACCGATTAAATATGT-1,1
GACCGTCAGGTCGTGA-1,6
GACCGTGCTGACGGTG-1,7
GACCTTCCACGTCTAC-1,2
GACGACGATCCGCGTT-1,3
GACGCCGTAAAGGCTA-1,5
GACGCCTGTTGCAGGG-1,4
GACGCTTGCTTCTAAA-1,7
GACGGACCGCGTTCCT-1,2
GACGGGTTGGCCCGTA-1,1
GACGGTCAATAGAAGC-1,6
GACGTGAGACTCCATG-1,4
GACGTGTAGGGATTAT-1,2
GACTAAGATCATGCAC-1,2
GACTAAGTAGGCTCAC-1,2
GACTACAAAGCGGTGG-1,1
GACTACAATTGCTCGT-1,2
GACTCACCCACGTGAG-1,2
GACTCGCGGGAATGAC-1,6
GACTGCAAATCGAGCT-1,3
GACTGCACCAGCCCAG-1,3
GACTGCTGGTGAGAAA-1,1
GAGACTGATGGGTAGA-1,3
GAGACTTCGCGACCGA-1,5
GAGAGGGCGCGAGGTT-1,7
GAGAGGTGCATTCTGG-1,7
GAGATCTGCTTGGCAT-1,7
GAGATCTGTCACTCCG-1,2
GAGATCTTCCATGACA-1,3
GAGATGGGAGTCGACA-1,3
GAGCACCTGTGTCCAG-1,2
GAGCATCAACAACTTG-1,1
GAGCATCATCCCTGGG-1,4
GAGCCACGGTAGTAGG-1,4
GAGCCAGCTACCTGTG-1,3
GAGCGAGGGAGTACCG-1,4
GAGCGCGCACGAGTAG-1,3
GAGCGCTGTTAGGTAA-1,1
GAGCTAAGGGCATATC-1,4
GAGCTCTCGGACCTAA-1,5
GAGGAATGGAGAGGTT-1,2
GAGGCCCGACTCCGCA-1,1
GAGGCTATCAAAGTCG-1,1
GAGGGAGTCAGATCGC-1,1
GAGGGCATCGCGTATC-1,4
GAGGGCGCAGCTCTGC-1,4
GAGGGTAGTAACAAAG-1,1
GAGGTACATCCATCTT-1,4
GAGGTACGCGTGTCCC-1,2
GAGGTCCCAAAGATCT-1,5
GAGTACGGGTATACAA-1,2
GAGTAGATACTAGTTG-1,3
GAGTATACCCTAATCA-1,1
GAGTATGCCCGCCTTG-1,1
GAGTATGCGCGTGCAT-1,3
GAGTCAGACCAGAATC-1,5
GAGTCCGCTTACCGGA-1,5
GAGTGTCAACCAGAAA-1,2
GAGTGTGCGGTACCCA-1,3
GAGTTGATGGCAATTT-1,1
GATAAATCGGTGGATG-1,2
GATAACTCGCACTGTG-1,4
GATAAGGCAGATGCAA-1,2
GATACGATGGGAGTCA-1,7
GATAGGTAACGTTGAC-1,5
GATATCTCATGCAATA-1,4
GATATGAGACACTAAC-1,3
GATATGCGGTAGCCAA-1,6
GATATGGATTACGCGG-1,1
GATATTGAGATTGGCG-1,6
GATATTTCCTACATGG-1,6
GATCAACATAAAGGGA-1,1
GATCATTCCAAACATT-1,7
GATCCCTTTATACTGC-1,2
GATCCGGGAATTAACA-1,5
GATCCTAAATCGGGAC-1,6
GATCCTCGACACTGGC-1,7
GATCGACACTATCTGA-1,3
GATCGCGGGCTCTCCA-1,7
GATCGCTACCCGATTT-1,3
GATCGCTATATCTCAG-1,1
GATCGCTGTGGTGCGT-1,1
GATCGGTGGCCATAAC-1,3
GATCGTGACTGATATC-1,5
GATCTGCTATCTAAGG-1,1
GATCTTGGAGGGCATA-1,5
GATCTTTGCAGGGTAT-1,7
GATGACAAGTAGGGCA-1,1
GATGCCAGCAGAAGGC-1,2
GATGCGTCCTGCATTC-1,1
GATGCTACAAGCGCCT-1,3
GATGCTGTATTTCATC-1,3
GATGGCGCACACATTA-1,2
GATGGTGCCCTAGGCA-1,6
GATGTAACGAACCACC-1,1
GATGTCCGGATCACAT-1,4
GATGTCGGTCAACTGC-1,6
GATGTTCAATCCACGA-1,7
GATGTTTGTGCGAGAT-1,3
GATTAACCGAAAGCCC-1,3
GATTACTGAATTTGGG-1,7
GATTCCCTTGTCGCAG-1,3
GATTCCGCGTTTCCGT-1,4
GATTCCTATACGGCGC-1,2
GATTCGACGGTTCACG-1,5
GATTGACACTCTGCTC-1,6
GATTGCTCCAGTTGCA-1,1
GCAAACCCTACATTAT-1,3
GCAAACCTTGGCCATA-1,3
GCAAAGGGCGTTAGCC-1,1
GCAAATATTACGCTTT-1,7
GCAACACACTAGAACT-1,1
GCAACAGCAGTATGCG-1,2
GCAACCACCAGACCGG-1,6
GCAACCACGGCCGCGT-1,7
GCAAGAATTCCTTGGC-1,7
GCAAGTGCACAGAGAA-1,3
GCACAAACCCTAGATG-1,1
GCACAAGTGTCGGAAG-1,6
GCACACACTGGTAGCC-1,3
GCACGCCTACTTAGAT-1,1
GCACTAGTCGCGCTAT-1,4
GCACTGCCTACCTTTA-1,2
GCACTGTGCAAATGTA-1,4
GCAGACCCAGCACGTA-1,2
GCAGATCCATAAGACT-1,3
GCAGATTAGGGATATC-1,1
GCAGCACACAGCCCAG-1,7
GCAGCGGTGGGCATTA-1,4
GCAGGAACTTAGATCT-1,1
GCAGGACTATAGAATA-1,7
GCAGGTAGAGTATGGT-1,6
GCAGTGTGGCTATAGG-1,2
GCATAGAGCACTCAGG-1,1
GCATCCCTAACTTTGA-1,3
GCATCGGCCGTGTAGG-1,2
GCATGAGGGACGCGGC-1,4
GCATTGTAATTCATAT-1,1
GCCACAATTTAAGGAC-1,7
GCCACTCAGAGCGCGA-1,2
GCCAGGAAAGAACACT-1,1
GCCAGGAGTAACCGAT-1,6
GCCAGGCGTTCGCATG-1,6
GCCATATTGCACACAG-1,6
GCCATCGAGCTGCGTG-1,1
GCCCACCAAGGCTGTC-1,4
GCCCAGTTGGTATGCC-1,2
GCCCGACTTCTTCCCG-1,7
GCCCGATCTGTGGTCG-1,1
GCCCGCGCGTAAACGG-1,5
GCCCGCGCGTTTGACA-1,2
GCCCGTAATACCTTCT-1,5
GCCCTAGCCGTCGCGA-1,1
GCCGAAATTCCTACGT-1,7
GCCGACCCACGACTGC-1,1
GCCGATTGGCCAAGCT-1,1
GCCGCATTAGTCCGGC-1,1
GCCGCTTGTGAGAAAC-1,7
GCCGGAAACACATCTT-1,2
GCCGGGTTAGGGTCGC-1,5
GCCTAGCGATCTGACC-1,2
GCCTATAGTGTCAGGG-1,4
GCCTATTCCGATATAG-1,2
GCCTATTTGCTACACA-1,6
GCCTCATCTGGAAATA-1,4
GCCTCTATACATAGCA-1,3
GCCTTCAGCCCTACCG-1,2
GCCTTGTATATGCAGT-1,2
GCGAAACGATCGGGAG-1,2
GCGAAACTTAACTGGA-1,3
GCGAAGCCATACCCGT-1,3
GCGACCCAACCATCTG-1,1
GCGACGATAGTTGTAC-1,1
GCGAGAGTTGCGTCCA-1,2
GCGAGGCCCGAGCAGA-1,7
GCGAGTTCTGCAAAGA-1,5
GCGATTCTGGAAGCAG-1,6
GCGATTGTTAACGTTA-1,5
GCGCAAATATATTCAA-1,1
GCGCAAGAGCGCGCTG-1,3
GCGCATCCAGTCAGCA-1,6
GCGCCGTTCCACGATA-1,5
GCGCGATGGGTCAAGT-1,2
GCGCGGTCTAGTAACT-1,2
GCGCGTCATTGGTACA-1,2
GCGCTAATTGAATAGA-1,2
GCGCTATGCCGAGGCA-1,7
GCGCTGATCCAGACTC-1,6
GCGCTGCTTTGCATTT-1,6
GCGCTTAAATAATTGG-1,2
GCGGACCGCGTTGTGG-1,1
GCGGAGAAACTTCGCA-1,1
GCGGAGAGGGAGAACG-1,3
GCGGCAAAGTATTGCC-1,1
GCGGCTCTGACGTACC-1,7
GCGGGAACCAGGCCCT-1,2
GCGGGCGAGCCTTACC-1,5
GCGGTAACCCAAATGA-1,4
GCGGTCCCTAGACGCA-1,4
GCGGTGAACTGCGCTC-1,6
GCGGTTCCCTATCATG-1,1
GCGTAAATGGCCATAA-1,3
GCGTCCCTAAGACATA-1,1
GCGTCGAAATGTCGGT-1,4
GCGTCGCCAGGGTGAT-1,1
GCGTCTCTGCATTGGG-1,7
GCGTGGTACTGGGTTA-1,4
GCTAAACCTGAGGTGA-1,2
GCTAACTGAAGTCTGA-1,2
GCTAAGTAGTTTCTCT-1,3
GCTAATACCGAATGCC-1,2
GCTACGACTTATTGGG-1,5
GCTACTATAGTAGAGT-1,3
GCTAGACCGTCTACTG-1,2
GCTAGAGTAGAGATGT-1,3
GCTAGCGATAGGTCTT-1,1
GCTAGCTTGAATAGCT-1,5
GCTAGGCACCACGGAG-1,2
GCTAGTAGAGCTTGTA-1,5
GCTAGTTTCATTGAGG-1,3
GCTATACGTCTCGGAC-1,3
GCTATCATACTCATGG-1,3
GCTATCGCGGCGCAAC-1,5
GCTCAATCCGTTTATT-1,1
GCTCAATGTAATACCG-1,1
GCTCATTACTGCATGT-1,6
GCTCCTGACATACTGG-1,2
GCTCGCTCATGTCCAA-1,3
GCTCGGAATTTAAAGC-1,4
GCTCTAAACCCTGACG-1,2
GCTCTATGTTACGTGC-1,2
GCTCTCGGGTACCGAA-1,2
GCTCTTTCCGCTAGTG-1,1
GCTGAATCTTCCAATC-1,1
GCTGAGGCGTGAGTAT-1,5
GCTGCACGGTTTCTTA-1,5
GCTGCTAAGTAGTCGA-1,1
GCTGCTACTGCGTAGC-1,3
GCTGCTCTCCGGACAC-1,3
GCTGGCATATTCACCT-1,1
GCTGGCGGCGCATGCT-1,1
GCTGGTTTAGGCCATA-1,1
GCTGTATTACTGGCCC-1,7
GCTGTTGCTACCGAAC-1,4
GCTTAATGTAACTAAC-1,3
GCTTATGAAGCAGGAA-1,4
GCTTCCGTCCCTAGAC-1,5
GCTTCGACGTTCAATC-1,1
GCTTGATGATAATCAG-1,2
GCTTGGATCGATTAGG-1,6
GCTTTCAGAGGAGGTG-1,4
GGAAAGTGCCCATGCC-1,6
GGAACCGTGTAAATTG-1,1
GGAACCTTGACTCTGC-1,1
GGAAGCTCGCTTACAG-1,6
GGAATAACCTCAAGAA-1,6
GGAATGCGCTAGCGTG-1,5
GGACCAACAGGATAAC-1,3
GGACCTCTAGGCCGCC-1,1
GGACTCGTGAGTGGTC-1,1
GGAGAAGTCATTGGCA-1,2
GGAGACGACACCTTTG-1,5
GGAGCACCAAGAACTA-1,4
GGAGCGAGGCCTACTT-1,2
GGAGGATTGAAAGGAG-1,6
GGAGGGCTTGGTTGGC-1,5
GGAGTGCCGCCCTGGA-1,2
GGATACTCATGAATTG-1,4
GGATCAAAGGACGAGG-1,6
GGATCCGGAATATACT-1,3
GGATCTTACTGCCCTT-1,1
GGATCTTGACTCAACC-1,1
GGATGAAGATCGCTGA-1,4
GGATGACGCGAGTTTA-1,7
GGATGCTGGCGTTCCT-1,1
GGATGTCCTTACCGCA-1,4
GGATTCAGTACGGTGG-1,3
GGATTCCGCTATACCC-1,2
GGATTGCTGTGACTCC-1,2
GGATTTCACTTCTATA-1,4
GGCAAAGGCGCCAATA-1,1
GGCAAATTACTTTACT-1,7
GGCAAGCCCATAGTGG-1,2
GGCAAGGCGAAATAGC-1,5
GGCAATAGTCAATGAG-1,3
GGCACTCCACTGGGCA-1,7
GGCAGCAAACCTATGC-1,2
GGCATACAGGTAGCGG-1,7
GGCATATCGGTTCTGC-1,4
GGCATCAACGAGCACG-1,6
GGCCACAAGCGATGGC-1,6
GGCCCTCACCCACTTA-1,5
GGCCGAGACTCTGGTG-1,1
GGCCGGCGTCTGCTAT-1,2
GGCCGTTTGGGTTTCA-1,1
GGCGAAATCTAACTTG-1,3
GGCGCAGGACATCTTC-1,1
GGCGCATGAATTGATG-1,7
GGCGCGGAGATCTTTC-1,2
GGCGCGTTCGAGTTTA-1,5
GGCGCTCCTCATCAAT-1,4
GGCGGAGTAATATTAG-1,7
GGCGGTAGGATCATTG-1,4
GGCGTCCTATCCGCTG-1,2
GGCTAAAGGGCGGGTC-1,2
GGCTACTATACACTCC-1,1
GGCTATTAAGTTGTAT-1,7
GGCTCCTCCACCTGTT-1,1
GGCTCGCGTTGAGGTA-1,4
GGCTCGTGCCACCAGC-1,2
GGCTCTGCTCCAACGC-1,2
GGCTGAAATAGCAAAG-1,3
GGCTGGCTAGCTTAAA-1,5
GGCTTTCAATAAGGGT-1,1
GGGAACGGGAGGTTAG-1,7
GGGAACGGTTTCAGAT-1,1
GGGAAGACGGTCTGTC-1,3
GGGACAGAGTTACTCC-1,1
GGGACCCGTATATCTT-1,5
GGGACTGCATAGATAG-1,5
GGGAGAACTCACAGTA-1,2
GGGAGGATGCCCGAAA-1,7
GGGAGTAATGGCTGGC-1,4
GGGAGTTAATGAGGCG-1,5
GGGATGGTCGTAACCG-1,5
GGGATTTACCGCACCT-1,4
GGGCAACCGCACGTGC-1,1
GGGCAGAGCAATCGTT-1,1
GGGCCCGTCTTAAACA-1,7
GGGCCCTACGAAAGGG-1,1
GGGCCGGCCGAAGTAC-1,5
GGGCGATATGTGTGAA-1,3
GGGCGGCAAATGAATT-1,1
GGGCGGGTTCCCTACG-1,7
GGGCGGTCCTATTGTC-1,5
GGGCGTACATTTATAT-1,2
GGGCGTCACCACGTAA-1,1
GGGCGTCCACTGGCTC-1,6
GGGCGTGGTTTCCCAG-1,2
GGGCGTTTACATTCAT-1,1
GGGCTATGATCGATGG-1,5
GGGCTCATCGAACCCA-1,4
GGGCTGCCTAGGGCGA-1,2
GGGCTGGTTAGTCGCG-1,7
GGGTAATGCTGTGTTT-1,2
GGGTACCCACGGTCCT-1,4
GGGTACTTCATGAACT-1,7
GGGTATGTATGCACTT-1,5
GGGTATTCTAGCAAAC-1,1
GGGTCACCGTGACGGT-1,7
GGGTCAGGAGCTAGAT-1,1
GGGTCCTTGGAAGAAG-1,1
GGGTGACACCTTAACT-1,5
GGGTGGTCCAGCCTGT-1,6
GGGTGTTTCAGCTATG-1,4
GGGTTAACATTTGAGT-1,5
GGGTTCAGACGAACAA-1,5
GGTAAATGTGCGTTAC-1,6
GGTAACCGGGAGGATA-1,1
GGTAACTATGTATCTG-1,4
GGTACAAACATGCTAT-1,7
GGTACATCTGGGACGA-1,1
GGTACCATTAAGACGG-1,2
GGTAGAAGACCGCCTG-1,3
GGTAGACCGTTGGGCG-1,5
GGTAGTGCTCGCACCA-1,2
GGTATTGCCGAGTTTA-1,7
GGTCACGTTAGATTCA-1,6
GGTCAGTGGGTCCCAC-1,5
GGTCGGATAAACGGCG-1,6
GGTCGGCCAGGAGCTT-1,4
GGTCGGTAATTAGACA-1,4
GGTCGGTCGTCCACAG-1,5
GGTCGTAAGCTCGCAC-1,1
GGTCTCTGAATGGACT-1,1
GGTCTGAGAATCTGGA-1,5
GGTCTTGAGCGCTCTT-1,3
GGTGAAACCGGGAATG-1,6
GGTGAACGGGCTAGCC-1,4
GGTGAAGTACAGGGAT-1,7
GGTGAGATGCAGATAA-1,3
GGTGATAAGGAGCAGT-1,3
GGTGATTTCATCTTGT-1,4
GGTGCGGATAAGTGGC-1,3
GGTGCTGATCACAAAG-1,5
GGTGCTGGTACACATT-1,7
GGTGGACTGCTCTGGC-1,2
GGTTACCACCCTCGGG-1,7
GGTTAGCTATATGTCT-1,3
GGTTAGGCTTGGAGAA-1,5
GGTTAGTTACGGCGCC-1,5
GGTTCTACTCGTCTGA-1,2
GGTTTAATTACCATCG-1,1
GGTTTACAATCTCAAT-1,5
GGTTTAGCCTTTCTTG-1,3
GGTTTCAATCGGTCAG-1,4
GGTTTGAGTGCTGGAA-1,4
GTAACTTGCGGCAGTC-1,4
GTAAGCGGGCAGTCAG-1,3
GTAAGGATTTGTCGGA-1,6
GTAAGTAACAGTCTGG-1,3
GTAAGTAGGGTATACC-1,2
GTAATAAAGGGCTCCC-1,3
GTAATCTGATTCTTCG-1,1
GTACACTTACCTGAAG-1,5
GTACAGAGGCAAGGGT-1,5
GTACGACGGCGCTGCG-1,4
GTACGAGATTGCGACA-1,2
GTACGCTTCATTGCAC-1,3
GTACGTTTGCCCGTCA-1,5
GTACTAAGATTTGGAG-1,4
GTACTCCCTTATCGCT-1,1
GTACTCCTGGGTATGC-1,2
GTACTGAGGTCGTAAC-1,4
GTACTGCATGAAGCGT-1,4
GTACTGGAGTTAGACC-1,3
GTACTTGGGCACTTCT-1,2
GTAGACAACCGATGAA-1,6
GTAGACACGCCTGACT-1,3
GTAGACGTCGTTACAT-1,2
GTAGAGGGAGACAAGT-1,1
GTAGCCAAACATGGGA-1,3
GTAGCGCTGTTGTAGT-1,6
GTAGCGGCTATACACT-1,5
GTAGCTCCGGGAGGCT-1,1
GTAGCTTCCTCTTGTT-1,4
GTAGGTGATCCGTGTA-1,4
GTAGTCGCGGGAATCA-1,3
GTAGTCTACGATATTG-1,3
GTAGTTCGAAGGCGAA-1,1
GTATAGGACTCAGTAG-1,3
GTATATGTTACGGCGG-1,4
GTATCAAACGTTAGCT-1,3
GTATCAGCTTGGGTTC-1,2
GTATCTCAGTCTTGAC-1,1
GTATCTTTCATAACCA-1,5
GTATGAAATTTCACTC-1,1
GTATGACGTGGGAAAC-1,4
GTATGTGGGTCTAGTT-1,3
GTATTAAGGCGTCTAA-1,5
GTATTCTGAGAAACGA-1,7
GTATTCTTACCGTGCT-1,4
GTCAAAGAAGTGGTGT-1,1
GTCAAAGTTTACATAG-1,5
GTCAAGCGGACTCGGG-1,3
GTCAATTGTACTGAAG-1,6
GTCACAAAGTTTCCAA-1,6
GTCACTCTCCAAATCT-1,2
GTCAGAATAGTCTATG-1,1
GTCAGTTGTGCTCGTT-1,6
GTCATGCACCTCCGTT-1,2
GTCATGGACATGACTA-1,2
GTCATTAGAGCGAACG-1,5
GTCCAATATTTAGCCT-1,1
GTCCATTACTGCTACG-1,2
GTCCCAACGTAAAGTA-1,5
GTCCCGCGACGTTATG-1,2
GTCCGGACCTGAAATT-1,3
GTCCGGCTGAATTGCG-1,3
GTCCTACAGGCGGCTC-1,5
GTCCTACGAATAGTCT-1,2
GTCCTTCTAGTGGGTT-1,6
GTCGAATTTGGGCGCT-1,1
GTCGCCGTTGTGTGTT-1,1
GTCGCGTAACCCGTTG-1,5
GTCGGATATCTCAGAC-1,7
GTCGGATGTAGCGCGC-1,4
GTCGGGAAGCAGAAAC-1,3
GTCGTACCATCTCGGG-1,5
GTCGTATTGGCGTACA-1,6
GTCGTCAATTATAAGG-1,2
GTCGTTATTCGCTTAT-1,3
GTCTATCTGAGTTTCT-1,7
GTCTATTGGTTCCGGT-1,3
GTCTCAAGGCCCGGCT-1,3
GTCTCGATCTGCTTTC-1,4
GTCTGGGCGGTCGAGA-1,7
GTCTTAGTACAGCCGG-1,6
GTGAAACGGCGCCACC-1,4
GTGAAACGTGCTCCAC-1,4
GTGAACTCCCATTCGA-1,2
GTGACAGCTTCCCACT-1,3
GTGACCGCACACTACG-1,4
GTGACGCAGGTTTCAT-1,2
GTGACTTCAGTAGTGC-1,5
GTGAGCGTGCTGCACT-1,1
GTGAGGACACTTAAGG-1,3
GTGAGGAGCGGTTGAG-1,6
GTGAGTGGTACAACGC-1,5
GTGATCAAGCGTGCAC-1,1
GTGATCACTAACGCCT-1,4
GTGATCATAGATCTGC-1,5
GTGATCCTTGTCATGA-1,3
GTGATTCGCCGCTCAA-1,7
GTGCAACAAATGTGGC-1,4
GTGCACCAGCTTCAAC-1,1
GTGCACGAAAGTGACT-1,4
GTGCCATCACACGGTG-1,7
GTGCCCGTTCGGATTC-1,3
GTGCCGCTTCAAAGGT-1,7
GTGCCTCAGTGTACGG-1,6
GTGCGAAATCGAACAC-1,7
GTGCGACAGGGAGTGT-1,2
GTGCGCAGCTTGCTCC-1,6
GTGCGGGACCATCGGC-1,6
GTGCGGGTCTCCAAAT-1,2
GTGCGTGTATATGAGC-1,3
GTGCTCAAGTACTGTC-1,7
GTGGAACCTACATGCG-1,6
GTGGACCAACCCGATT-1,7
GTGGACGCATTTGTCC-1,3
GTGGACGTGCTGAGAC-1,2
GTGGAGCGTTTACCGA-1,1
GTGGAGTCGGCGGTTG-1,1
GTGGCAAACAGCGGCA-1,1
GTGGCGGTCCCAGCGT-1,1
GTGGGAAGACTGAATC-1,7
GTGGGCTTAGACACAC-1,7
GTGGTATAGTCTGCCG-1,1
GTGGTGGCCAAGTGAA-1,3
GTGGTTACTTCTTTCG-1,2
GTGGTTTCCGCCTTTC-1,7
GTGTACCTTGGCTACG-1,5
GTGTATATCAGCGGGC-1,3
GTGTATGACTTTAAAG-1,6
GTGTCGTATAGCGTTC-1,3
GTGTGAATAACTTAGG-1,5
GTGTGAGCCGAGGTGC-1,6
GTGTTACTATGCGTCC-1,3
GTTAAAGTAGGACTGG-1,3
GTTAACATCACTTAAA-1,3
GTTAAGGGTGCGATGT-1,3
GTTACAATTGGTGACG-1,7
GTTACCTACAACTTGC-1,5
GTTACGGCCCGACTGC-1,2
GTTACTTTGGGCCTAG-1,7
GTTAGAGTGTGCCGCT-1,6
GTTATATTATCTCCCT-1,5
GTTATCACCTTCTGAA-1,6
GTTATTAACGTGGGAG-1,5
GTTCACAGGAGTCTAG-1,7
GTTCATCGTTTGGCTG-1,2
GTTCCAAGACAGCGAC-1,6
GTTCCAGTCTGACCAT-1,2
GTTCGACAATTGTATA-1,1
GTTCGCCATAAGTGCC-1,7
GTTCGTCTAAAGAACT-1,3
GTTCTTCCCTCGATGT-1,5
GTTGAACCGGTTCCAT-1,7
GTTGAGTCCCGCCGGT-1,3
GTTGCACGGAGTTTCG-1,3
GTTGGATTCAGTGGCT-1,2
GTTGGATTGAGAACAC-1,4
GTTGGATTTGCGTTGG-1,7
GTTGGTCATGCTATCC-1,1
GTTGTCGTGTTAGTTG-1,4
GTTTACGTTCCATCTG-1,5
GTTTCATATCGTCGCT-1,1
GTTTCCTGGAGGGTGA-1,3
GTTTCTGCAGTCTCCC-1,5
GTTTGACCAAATCCTA-1,2
GTTTGGCCCAAGTTAT-1,3
GTTTGGCCGCTCAGCG-1,4
GTTTGGGCTTGTGAGC-1,1
GTTTGGTAGGGTCAAC-1,1
GTTTGGTGATCGGTGC-1,1
TAAACCCAGGAGGGCA-1,1
TAAAGAGCCCGAAACC-1,4
TAAAGCGGTATTTCCA-1,1
TAAAGCGTTAGGAGAA-1,4
TAAAGCTGCAATAGGG-1,2
TAAATGAATCCGTTTC-1,2
TAACAAAGGGAGAAGC-1,2
TAACAGCGTTTGTGCT-1,1
TAACATACAATGTGGG-1,5
TAACATACACGCGATC-1,2
TAACCGCCCGCAGTGC-1,4
TAACCTACCGTCCGAG-1,3
TAACGCTTTGAGAGCG-1,2
TAACTATCGAAGGTCC-1,2
TAACTCATCCGCGCGG-1,7
TAACTCCATGGAGGCT-1,5
TAAGAGGGACAGGGAC-1,1
TAAGATTTAGCGGGAG-1,6
TAAGCAGGCGACACGC-1,1
TAAGCGCGAATCAAAT-1,1
TAAGGAACTTGTGGGA-1,3
TAAGGCAACATAAGAT-1,2
TAAGGCATAACATCAA-1,5
TAAGGCCCGTCACCCT-1,3
TAAGGCTGAATCCCTC-1,3
TAAGGGCCTGTCCGAT-1,3
TAAGGGCTGGGAGAGG-1,1
TAAGTAACATCTTGAC-1,7
TAAGTCGCCGAGTATC-1,1
TAAGTTGCGACGTAGG-1,3
TAATAAACAAGGAGAT-1,6
TAATACACAGTAGTAT-1,2
TAATAGAACAGAGTTA-1,1
TAATAGGTCACCAGAA-1,1
TAATAGTGACGACCAG-1,4
TAATATTGAAATTCGC-1,3
TAATCGATCCGTACGT-1,6
TAATGAAAGACCCTTG-1,5
TAATTAGATGGATATG-1,4
TACAACGCACAACTCA-1,7
TACAAGTCTCGTGCAT-1,1
TACAGAAACGGTGGGC-1,2
TACATAGGCATACACC-1,1
TACATTTCTAACGTGC-1,7
TACCAAATAGCCCAGA-1,1
TACCAATAAAGTACCA-1,3
TACCAGAAGTAGGTTC-1,1
TACCAGCTAGGTTTAA-1,4
TACCAGGAATCCCGTC-1,1
TACCGCGGACTTGCAG-1,6
TACCGGCTCACTGCCC-1,5
TACCGGTCGTTTCCAT-1,7
TACCGTAGGTTAACTA-1,1
TACCGTGCCTCGGACC-1,1
TACCTACTCCCAGTAT-1,1
TACCTCACGCTTGTAC-1,5
TACCTCAGTTGTCTGT-1,1
TACCTCCACACCAATG-1,1
TACCTGCTGCACTGTG-1,5
TACCTTAAGATTTCCC-1,7
TACGAACACGACTTCA-1,7
TACGACGCTTGCTGCG-1,1
TACGACTGCCTCTTAG-1,5
TACGAGAACTTCACGT-1,7
TACGATGTTGATCATC-1,7
TACGCAGTTCTTTCCT-1,7
TACGCCATATTCTAAT-1,5
TACGCCGAGGGTACCC-1,1
TACGCCTCCATTCCGA-1,1
TACGCTATAGAAACCT-1,2
TACGCTGATAGTTGTA-1,1
TACGCTGCTGTGTTAA-1,1
TACGGGATGCTAGCAG-1,4
TACGTACTAGTGCTGA-1,1
TACGTGCACTATGCTG-1,2
TACGTTTACCGGCAAT-1,7
TACTATGGTTCCTCAG-1,5
TACTCCTCTAGTTGAC-1,1
TACTCGGCACGCCGGG-1,1
TACTCTCCGAACAAAT-1,4
TACTCTTTCGTCTTCA-1,5
TACTGAACAGATTTAG-1,1
TACTGCAATCAATTAC-1,2
TACTGGACAGCTCGGC-1,1
TACTTGTTAGTAGTCC-1,4
TACTTTACTGAGCCGG-1,6
TACTTTCCGCACGCCA-1,1
TAGAAAGGTGGCGCTA-1,5
TAGAATTAAGGGCAAC-1,6
TAGACGAAACGCCAAT-1,3
TAGACGCCCGTACCGG-1,4
TAGACTACCTAGCGTT-1,2
TAGAGATCATGCAACT-1,7
TAGAGCTACGAAGAAC-1,4
TAGAGGTTCTACTTGT-1,3
TAGAGTCTAAGCGAAC-1,5
TAGATATGGACTGGAA-1,5
TAGATCCGAAGTCGCA-1,6
TAGATTCAAAGTGCGG-1,1
TAGATTCCTGGTTATT-1,1
TAGCAACCTGTCACAA-1,2
TAGCCATTTCAAAGTC-1,4
TAGCCGGCGGTCAGCG-1,4
TAGCGTCCGGTGTGGT-1,3
TAGCGTTGGGTCTTAC-1,5
TAGCTAAGTCCGGGAG-1,3
TAGCTAGAAGGCATGA-1,5
TAGCTAGTGATGATGG-1,5
TAGCTCGCCTGATAAC-1,5
TAGGCATGTTACGCCA-1,4
TAGGGAGCTTGGGATG-1,4
TAGGGTGTTTCAAGAG-1,2
TAGGTCCAAGTAAGGA-1,5
TAGGTCGCCGGAACTG-1,6
TAGGTGACGATAACCT-1,3
TAGGTGAGCCCTACTC-1,1
TAGGTGCTCGCCTAGC-1,3
TAGGTGTTCCACAGAT-1,1
TAGGTTCGAGTTCGTC-1,5
TAGTACCTTAGTGGTC-1,5
TAGTAGCTTATACCAG-1,1
TAGTCCGCAGAGAATG-1,7
TAGTCCTGCACTAAGC-1,1
TAGTCGATCACGGGTT-1,4
TAGTCTAACAACGAGA-1,7
TAGTGAGAAGTGGTTG-1,6
TAGTGCCCTCCAGAGT-1,7
TAGTGTCAGAAACGGC-1,5
TAGTTAAGATAGGATA-1,6
TAGTTTATTCTTGCTT-1,4
TATAAATCCACAAGCT-1,2
TATAAGTGAGGATAGC-1,2
TATACACAGACGCCTT-1,5
TATACACGCAAAGTAT-1,2
TATACGCGTCATCACT-1,3
TATACTCATGCGGCAA-1,5
TATAGAGTCGCTTGAA-1,5
TATAGATGGTCGCAGT-1,3
TATAGGGTACTCATGA-1,1
TATAGTTAGGTGTACT-1,1
TATATAGGGCTTTACG-1,1
TATATATCGAGAAATG-1,1
TATATCCCTGGGAGGA-1,6
TATATTCGCGTCGATA-1,6
TATCACAGCACGGGCA-1,2
TATCACCCAACCGACC-1,6
TATCCAATTGGTTATC-1,2
TATCCATATCATGCGA-1,3
TATCCATCTCGGTTAG-1,1
TATCCGCACCGTCGGG-1,1
TATCCTGCATGGGAAT-1,4
TATCGATCTATGCATA-1,6
TATCGATGATTAAACG-1,2
TATCTACAGAGGTAAT-1,2
TATCTACCACAGCGGG-1,1
TATCTTGCAATACAAC-1,1
TATGAAGACAGGTGCG-1,1
TATGATCTTCTCTTTA-1,2
TATGATTCTGCTTGGT-1,6
TATGCTCCCTACTTAC-1,2
TATGGAGTTTCTCGTT-1,6
TATGGATGTGCTACGC-1,2
TATGGCCCGGCCTCGC-1,1
TATGGGACCGAGCAGG-1,7
TATGGGTACGTATCGT-1,7
TATGGTCTGAGTAACA-1,1
TATGGTTAGTGGGAGA-1,2
TATGTCAAGACCGACT-1,6
TATGTCTCATTGTGCC-1,4
TATTAACCTGACCGCG-1,5
TATTACCATCCTGCTT-1,4
TATTATGTTTGCCTGC-1,1
TATTCAATTCTAATCC-1,5
TATTCCACTCAGCTCG-1,5
TATTCCGAGCTGTTAT-1,2
TATTCCGGCAGTCCTA-1,6
TATTCCTCCGCCCACT-1,7
TATTCGTGCCAGAATA-1,5
TATTTAGTCTAGATCG-1,2
TATTTATACCGAGTAG-1,4
TATTTGTTACCCTTTA-1,3
TCAAACAACCGCGTCG-1,2
TCAAACTTAGATTGTT-1,3
TCAAAGTCACGGCGTC-1,1
TCAAATTTGAGACTCA-1,3
TCAACAAAGATAATTC-1,5
TCAACACATTGGGTAA-1,4
TCAACATAGCGCCCTA-1,5
TCAACATCGACCGAGA-1,1
TCAACCATGTTCGGGC-1,3
TCAACGAGGAGACAAA-1,5
TCAACGCAGGAAATAA-1,7
TCAACGCGACCGGCAG-1,5
TCAACTAACGTATAAC-1,1
TCAAGGTTACTACACC-1,3
TCAATACGCCGTCATG-1,1
TCACAGCAAACTCGAA-1,1
TCACAGGAGAATAAGA-1,5
TCACAGGGAATCGCAA-1,3
TCACAGGTTATTGGGC-1,7
TCACATCTTATCTGAT-1,1
TCACCCTCTTAAGATT-1,5
TCACCGCTCGGCACTC-1,4
TCACGATGTCCGTGGA-1,2
TCACGCATTGTAGATC-1,7
TCACGGCCCAAGAGAG-1,1
TCACGGTCATCGCACA-1,2
TCACGTGCCCGATTCA-1,1
TCACTCGTGCAACGGC-1,6
TCAGACGCTATAGAAG-1,3
TCAGCAAATGCATCTC-1,2
TCAGCAGTAGGCCCTG-1,1
TCAGGGTGTAACGTAA-1,2
TCAGGTTCTTTGAGAA-1,7
TCAGTACTGACCCGCG-1,3
TCAGTAGGGACTATAA-1,5
TCAGTGTATACGTCAT-1,1
TCATACTTACAGATCC-1,2
TCATATGAGCTTTGTT-1,3
TCATCACTCGAGCTCG-1,5
TCATCCCAGAGGGTGG-1,6
TCATCGATGGTCCCAA-1,1
TCATGCAGGTTCTCAT-1,4
TCATTTAAGTCTCCGA-1,6
TCCAACTTTAAATTCT-1,7
TCCAATAAAGGCTACC-1,1
TCCACAATGGTTTACG-1,7
TCCACCTCTAGCCTTT-1,1
TCCACTTTATCTAGGT-1,5
TCCAGAGCACCGGTTC-1,5
TCCAGGCGAGTACGGT-1,7
TCCAGGGTATATACGA-1,3
TCCATCAATACTAATC-1,1
TCCATTAGTTGGATAG-1,4
TCCATTGTGACCTCGT-1,6
TCCCAAAGACGAAGGA-1,2
TCCCAGCTTTAGTCTG-1,7
TCCCAGGCTTAGCTAA-1,7
TCCCGCGTACTCCTGG-1,3
TCCCGGGTGTGCTGCT-1,7
TCCCGGTCAGGAATTT-1,4
TCCCGTCAGTCCCGCA-1,4
TCCCGTGTGCAATTTG-1,3
TCCCTGGCGTATTAAC-1,1
TCCCTGGCTCGCTGGA-1,1
TCCCTTAGATTACTCG-1,4
TCCGAACTTGGCTTAC-1,1
TCCGACCGCTAATCAA-1,1
TCCGAGAAGGCTAAGC-1,6
TCCGATAATTGCCATA-1,5
TCCGATGACTGAGCTC-1,4
TCCGATGGTGCGACAT-1,3
TCCGATTACATTGCCG-1,7
TCCGCCTGTCTACAAG-1,3
TCCGCGGCAGCATCTG-1,5
TCCGCGGCCCAATGAA-1,3
TCCGCTGTCATCCCGG-1,3
TCCGCTTATCCCATTA-1,3
TCCGGCCTAGCGTACA-1,6
TCCGGTTCGTCCGGTC-1,5
TCCGTTAAGCTAATAT-1,3
TCCGTTTAGCCTTGAA-1,4
TCCTAAATTGGGAAGC-1,3
TCCTAACCGTCGGGCA-1,5
TCCTACATCCACGGCC-1,3
TCCTAGCAAAGAAGCT-1,7
TCCTCCTAAGACATTC-1,7
TCCTCGGGCTGGGCTT-1,3
TCCTCTACGAGATGGC-1,2
TCCTCTCCAGTTGTCC-1,1
TCCTCTGGCCCATTAG-1,6
TCCTGCCAACTGGAGA-1,6
TCCTGCGTTGATACTC-1,1
TCCTTACGACGGTCCG-1,2
TCCTTCAGTGGTCGAA-1,4
TCCTTTAAATCCGCTT-1,3
TCCTTTCTTACGCTTA-1,3
TCGAAATTTAGGACCA-1,7
TCGAAGAACCGAGCAC-1,3
TCGAATATCCCGCAGG-1,1
TCGACAACTGAACCCG-1,1
TCGACATAGCGTAGCG-1,1
TCGAGACCAACACCGT-1,5
TCGAGCCAGGCAGGCC-1,1
TCGATAGGCTAGTCGC-1,4
TCGCAAAGATGCATTT-1,3
TCGCACCAGGAGGCAG-1,3
TCGCATCCCTAAGTGT-1,5
TCGCATTCAATGACTT-1,4
TCGCCGAAGTTGCGTC-1,7
TCGCCGGTCGATCCGT-1,2
TCGCGTCCAGAAGGTC-1,1
TCGCTAAACCGCTATC-1,6
TCGCTACTGGCTTTGA-1,3
TCGCTCGATATATTCC-1,2
TCGCTGGGCGGATTGT-1,2
TCGCTGTGCGTAAATC-1,2
TCGCTTTAAACGTTTG-1,4
TCGGAATGACCATCAA-1,2
TCGGAATGCGCTCTGA-1,1
TCGGACGCCCAGCCCA-1,3
TCGGAGAGTATCGGGA-1,1
TCGGAGTACATGAGTA-1,2
TCGGCGAACCCAAACC-1,2
TCGGCTTGTATCGACG-1,2
TCGGGAGACAGCGTAC-1,3
TCGGGCCGTCGTGGTA-1,4
TCGGGTGAAACTGCTA-1,4
TCGGTCCCGACAATAG-1,1
TCGGTCCCTGACTCCA-1,6
TCGTAAGACGACATTG-1,5
TCGTATAGTGCAATTA-1,4
TCGTATTACCCATTGC-1,1
TCGTCAAGTACGCGCA-1,1
TCGTCACACTGTTAGC-1,5
TCGTCCGCTGGCGTCT-1,2
TCGTCTTAGGCGTTAA-1,3
TCGTGTACTATGGATG-1,2
TCGTGTCACGCTGACA-1,2
TCGTTAGGAGTCCCTA-1,5
TCGTTCGTTATTATGT-1,6
TCGTTGCTATCCGGTC-1,1
TCGTTGGCTCGTCAAT-1,4
TCTAATACTGCCTCAG-1,1
TCTACCGTCCACAAGC-1,2
TCTAGCAATCTCCGCC-1,2
TCTAGCATCTTCGATG-1,3
TCTAGCATGCCCAGAA-1,1
TCTAGGTGGCGACGCT-1,6
TCTAGTGATATCGTGG-1,3
TCTAGTTATCAGAAGA-1,7
TCTATCATGCAGTTAC-1,2
TCTATCGGTCGCAACA-1,3
TCTATTACGCTGGCGA-1,5
TCTCATGAGATAGGGT-1,3
TCTCCAACGTAGGTTA-1,4
TCTCCCTGGGCAGCGT-1,3
TCTCGAACGAGGTCAC-1,2
TCTCGGCTCCAGGACT-1,4
TCTCTAATAGCTGGTA-1,2
TCTCTTACCGCGAACC-1,1
TCTGAACCGGTCGGCT-1,2
TCTGAACTCGTACCCG-1,4
TCTGAAGCACGTGGTC-1,2
TCTGAATTCCGTACAA-1,4
TCTGATGTATTCTGTC-1,3
TCTGCCAGAAACTGCA-1,3
TCTGCGTCCGGTTTCT-1,2
TCTGGGAACCTTTGAA-1,6
TCTGGGTAGCGCTCAT-1,7
TCTGTCATACAAGAGC-1,4
TCTGTGACTGACCGTT-1,2
TCTGTGCCATCATAGT-1,2
TCTGTGGCTACATTTC-1,2
TCTGTTACCCAGCATA-1,1
TCTTACAGAGGTACCG-1,2
TCTTACCGGAACTCGT-1,6
TCTTACGGCATCCGAC-1,2
TCTTACTTATGCCTCT-1,4
TCTTAGAGTGAACTCT-1,3
TCTTCCCATGGGCACA-1,6
TCTTCGAATAGACGTT-1,5
TCTTCGATACCAATAA-1,2
TCTTCTATAACCCGCC-1,2
TCTTGATGCGTAGCGA-1,2
TCTTGCTCCCGATACT-1,3
TCTTGGTAACACCAAA-1,4
TCTTTAAGACTATGAA-1,3
TCTTTCTCTTAAGGAG-1,2
TGAAACTTATGCAAGC-1,6
TGAAAGGACCTGACTC-1,3
TGAACAAGCAGGGACT-1,1
TGAATGAGTGTTTCCC-1,1
TGACATCGAGCGGACC-1,6
TGACCAAATCTTAAAC-1,3
TGACCCACGTTAGACA-1,7
TGACGAATATTTCCCT-1,7
TGACGATGCACTAGAA-1,3
TGACTATAATCCTTTC-1,5
TGACTCCGAATCATAC-1,1
TGAGAATGCTTTACCG-1,3
TGAGAGATTTACCACG-1,4
TGAGATCAAATACTCA-1,6
TGAGATTAGGCCCTAA-1,6
TGAGCAGTCGTGAAGT-1,6
TGAGCCATACAGTCTC-1,7
TGAGCGGAAAGTGTTC-1,3
TGAGCTTTAATGACGC-1,4
TGAGGAGTGCCAGCTT-1,1
TGAGTAAATTAGCGTA-1,5
TGAGTGCCTCTTAAAT-1,7
TGAGTGGTCCGTGACG-1,4
TGATACATTTAGCCGT-1,1
TGATCAGGGAACTGCT-1,1
TGATCGGTTTGACCCT-1,3
TGATCTCCGGCGCCAG-1,5
TGATTCCCGGTTACCT-1,1
TGATTCGTCTATCACT-1,7
TGATTCTGTCGCCGGT-1,1
TGATTTATTAGCTGTG-1,7
TGATTTCCTCCTGACG-1,2
TGCAACCCATCTGCGG-1,3
TGCAAGAATGACGTAA-1,3
TGCACGAGTCGGCAGC-1,6
TGCAGAACTATATCGT-1,1
TGCAGAGTACCGAGCA-1,7
TGCAGATCGTCCTAGG-1,1
TGCAGCTACGTACTTC-1,1
TGCAGGATCGGCAAAG-1,5
TGCAGTGGTAGGGAAC-1,1
TGCAGTTTCCTCCCAT-1,4
TGCATATGTCTGTCAC-1,4
TGCATGGATCGGATCT-1,5
TGCATGTGGTAATCTA-1,5
TGCCAAAGTCAGACTT-1,1
TGCCAATGGGTACTCT-1,5
TGCCACCTGGCGAAAC-1,4
TGCCAGTACGTGGAGA-1,3
TGCCATTACTAAAGAA-1,4
TGCCCGTACCGTTAAA-1,3
TGCCGGATGTACGAGC-1,1
TGCCGTGGATCGTCCT-1,1
TGCCTGACATCGGTCA-1,2
TGCCTGATCAAACGAT-1,5
TGCCTTGGCCAGGCAA-1,3
TGCGACACCCTAGTGC-1,7
TGCGACGGCCGAACGT-1,1
TGCGAGAATATTACCC-1,1
TGCGCAAAGCATTTGG-1,3
TGCGCGATTAACGGAG-1,2
TGCGGAGTAAAGGTGC-1,5
TGCGGCATAGTTCAAC-1,4
TGCGGTGAAATTTCAT-1,4
TGCGTAAGAACCTGAT-1,7
TGCGTCATGACTGAGC-1,1
TGCGTGATTGGGTGTC-1,2
TGCGTTTGTTGACACT-1,3
TGCTAAGTGTCTATTT-1,3
TGCTATACAAACGGAC-1,6
TGCTATGGCAAAGGGA-1,1
TGCTCCACAGTTCTTA-1,4
TGCTCGGCGAAACCCA-1,1
TGCTCGGTGGGTCACC-1,2
TGCTCTTGAGAGTTTG-1,3
TGCTGGTTGGACAATT-1,2
TGCTGTTGAAGAACTC-1,5
TGCTTAGAGAGAATGC-1,1
TGCTTCCCAAGCAGTA-1,3
TGCTTGAAACCATGCA-1,2
TGGAAGAAGGGAACGT-1,7
TGGAAGACGAACACCA-1,5
TGGAAGGATAAAGATG-1,5
TGGAATTAGACGCTTT-1,5
TGGACCAATCTAAGAT-1,3
TGGACCACGGCGTTGA-1,2
TGGACGCAATCCAGCC-1,1
TGGACTGTTCGCTCAA-1,5
TGGAGCTAAAGTTCCC-1,6
TGGAGTGATGCGATGA-1,7
TGGCAAACTAAATTAC-1,3
TGGCAACTCGCGCGCC-1,4
TGGCAAGCACAAGTCG-1,1
TGGCAGATTACGATCA-1,1
TGGCAGCAGTAATAGT-1,1
TGGCCAAACTGAAGTA-1,5
TGGCCGTATATTGACC-1,2
TGGCGACTGCTCCAAA-1,5
TGGCGATCAAGTTATG-1,5
TGGCGGTGTGCGATTG-1,6
TGGCTATGTGACATAC-1,2
TGGCTTTGGGTAGACA-1,2
TGGGAAATGCCTTTCC-1,3
TGGGCACAAACAGAAC-1,4
TGGGCACGTTCTATGG-1,4
TGGGCCACAAGAGCGC-1,4
TGGGCCCATACTAATT-1,3
TGGGCGATACAATAAG-1,2
TGGGTAAGGTTCCCGC-1,6
TGGGTTTCGGGCGTAC-1,1
TGGTAGAATATATGGG-1,3
TGGTATCGCATCCCAA-1,6
TGGTATCGGTCTGTAT-1,6
TGGTCCCACGCTACGG-1,3
TGGTCTGTTGGGCGTA-1,1
TGGTTCAACGGGTAAT-1,3
TGGTTCGTAGCAAAGG-1,2
TGGTTGGAGGATCCTG-1,6
TGTACCTACACGAGGG-1,3
TGTACGAACAAATCCG-1,1
TGTACTGTGCCAAAGT-1,6
TGTAGGAGAAATTTCC-1,4
TGTAGTGATCTATAAT-1,7
TGTATAACAGATCCTG-1,5
TGTATCCTTATTCCAT-1,4
TGTATGGCGCAGACAG-1,4
TGTCCCGACATAGCAC-1,4
TGTCCGTGGCGCCTTT-1,1
TGTCCTAAGTCACCGC-1,1
TGTCGGCATGGTGGAA-1,4
TGTCGTTATCACATAT-1,1
TGTCTACAGTTTCTGT-1,4
TGTGACTACGCCAGTC-1,5
TGTGAGACTAGCCCAA-1,3
TGTGCCGGTGCCGGAA-1,3
TGTGCTTTACGTAAGA-1,1
TGTGGCAAAGCGTATG-1,4
TGTGGCGGGCTTCTGG-1,3
TGTGGTTGCTAAAGCT-1,1
TGTGTCGCGAGTTGCA-1,3
TGTGTTCGTATCCAAG-1,1
TGTTATTGTATGTGGC-1,3
TGTTCCGCTTCCATGA-1,7
TGTTCGTATTGCGGTG-1,5
TGTTCTTCCATTGACT-1,7
TGTTGTCAAGAAGTCT-1,4
TGTTTAATACTTCATC-1,6
TGTTTCGGTACTTCTC-1,2
TTAAACAGAGTCCCGC-1,2
TTAAACCGGTAGCGAC-1,6
TTAAACTCGAATTCAT-1,6
TTAACACCTCGAACAT-1,3
TTAACCAACCCTCCCT-1,3
TTAACGTCGCAAGACC-1,4
TTAACTTCAGGTAGGA-1,1
TTAAGATAGGATTGAC-1,3
TTAAGCCGACAACTTC-1,6
TTAAGCGCCTGACCCA-1,7
TTAAGGATACGGAGGT-1,6
TTAAGGCCCGTACTTT-1,1
TTAATCAGTACGTCAG-1,4
TTAATGTAGACCAGGT-1,3
TTAATTGCTTTGGGTG-1,2
TTAATTTCAGACGCGG-1,4
TTACAACTACGCATCC-1,2
TTACAGACCTAAATGA-1,6
TTACATCGTGGCCTGG-1,2
TTACATGCCACAACTA-1,3
TTACCATTGATTACCC-1,1
TTACCCATTGCCGGGT-1,4
TTACCCTAACAGTCCT-1,3
TTACCCTAGGGATTGG-1,1
TTACCGCCTTAGGGAA-1,2
TTACGGATGGTTCGAG-1,4
TTACGGTGTCACCGAG-1,6
TTACTAAAGGACTTTA-1,3
TTACTATCGGCTTCTC-1,1
TTACTCCGGCCGGGAA-1,5
TTACTCTGGTACGTAC-1,7
TTACTGGGATATTTCA-1,1
TTAGAAGAACATGACT-1,1
TTAGAATAAGGGTCGG-1,1
TTAGACACGATCGTTG-1,6
TTAGACGAGTCACCTC-1,3
TTAGAGTTTAGAAGGA-1,3
TTAGATAGGTCGATAC-1,2
TTAGCAACATGGATGT-1,2
TTAGCTAATACGATCT-1,6
TTAGCTGATTTGCCGT-1,4
TTAGGTCATAACCGAC-1,1
TTAGTAGGGCGGCGGG-1,1
TTAGTTATTCGTGGCA-1,3
TTATAGATGCACATTA-1,6
TTATAGGTAATTGTCT-1,3
TTATATACGCTGTCAC-1,5
TTATATTTGGCAATCC-1,2
TTATCCAATCGAACTC-1,5
TTATCCGGGATCTATA-1,3
TTATCCTCAAGGAATA-1,1
TTATCGCCTGCGAAGC-1,5
TTATCTGTATCATAAC-1,2
TTATGAATGAAAGGGA-1,5
TTATGACAAACTGGAT-1,2
TTATGATCTTAACGAA-1,3
TTATGCGTCCCGGTCC-1,6
TTATGTTTGCGATAGA-1,2
TTATTAGAGCGTGTTC-1,1
TTATTAGGGAAGCATC-1,4
TTCAAAGTCTCTAGCC-1,5
TTCAACGACCCGACCG-1,2
TTCAAGCCGAGCTGAG-1,6
TTCAATACTCTGAATC-1,4
TTCAATTAGCCATAAT-1,6
TTCACGAAAGGATCAC-1,7
TTCACGGTCGTCACGT-1,1
TTCACTCGAGCACCTA-1,3
TTCAGAGTAACCTGAC-1,4
TTCAGCCCTGGTCCAC-1,3
TTCAGCTGGCGTGCCC-1,3
TTCAGGCGTCAAAGCC-1,7
TTCATGGCGCAACAGG-1,4
TTCCAATCAGAGCTAG-1,6
TTCCAATCTGGCTATC-1,1
TTCCACACAGATTTGA-1,5
TTCCGCGTGAGGCGAT-1,5
TTCCGGCCTTGAGGCT-1,1
TTCCGGTTACCCACTT-1,3
TTCCTCGAGGGTGTCT-1,2
TTCCTCGGACTAACCA-1,2
TTCCTTTCTGTGTTGC-1,4
TTCGACAGAGCCCGTG-1,3
TTCGACGGGAAGGGCG-1,3
TTCGCACTCGCGTGCT-1,3
TTCGCACTGTACGACA-1,1
TTCGCATCCGGAAGCA-1,4
TTCGCGCGCCATACGA-1,5
TTCGCTATCTGACGTG-1,2
TTCGGCAACCCGCTGA-1,6
TTCGGCTAGAGATGGT-1,5
TTCGGGACTAATCGCG-1,5
TTCGGGCGCTAGTCTT-1,1
TTCGGTACTGTAGAGG-1,2
TTCGTAATCCCAGCGG-1,6
TTCGTACTCCAGAACG-1,1
TTCTAACCGAAGCTTA-1,4
TTCTACCTCAATCGGT-1,1
TTCTACTTGCGAGGGC-1,2
TTCTAGAAAGTCTTAT-1,5
TTCTAGGCCAATTGTG-1,2
TTCTATTAAACGCAGC-1,5
TTCTCAATTGCTACAA-1,1
TTCTGACCGGGCTCAA-1,3
TTCTGCCGCGCCTAGA-1,1
TTCTGCGAGCGCCCTT-1,1
TTCTGCGGGTTAGCGG-1,3
TTCTTAGTGAACGGTG-1,3
TTCTTAGTGGCTCAGA-1,5
TTCTTATCCGCTGGGT-1,3
TTCTTGAGCCGCGCTA-1,7
TTCTTGGACGATCTGC-1,1
TTCTTGGAGTAATGAG-1,4
TTCTTGTAACCTAATG-1,2
TTGAACGAATCCTTTG-1,5
TTGAACGACGTGCTGA-1,3
TTGAAGAATTCCCAGG-1,7
TTGAATATGGACTTTC-1,5
TTGAATTCACGTGAGG-1,4
TTGACAGGAGCTCCCG-1,3
TTGACATGAACGTGGA-1,7
TTGACCAGGAACAACT-1,2
TTGACCATGTTCTCCG-1,4
TTGACCGTGTTAATGA-1,5
TTGACGATTCAGCACG-1,4
TTGACGCTCCATGAGC-1,3
TTGACTACCATATGGT-1,7
TTGACTATTGTCCGGC-1,2
TTGAGAAGTTTAGCAT-1,2
TTGAGAGTACTGCTAA-1,7
TTGATCTAACTTTGTC-1,7
TTGATGCCGCTCGTCG-1,1
TTGATGTGTAGTCCCG-1,6
TTGATTAGCTGTTTCT-1,7
TTGATTATGCAGATGA-1,2
TTGCACAATTCAGAAA-1,5
TTGCACGGAGCAGCAC-1,2
TTGCATGCTGATCACG-1,7
TTGCCATAGCCCGCTC-1,1
TTGCCCTGATCACGGG-1,7
TTGCCGCAGACCTACA-1,1
TTGCCGCTTTCTAGTA-1,3
TTGCCTAATCCAAAGT-1,1
TTGCGGCATCAGAAAG-1,1
TTGCGTAGTTTGAGGA-1,2
TTGCGTCGGCCAACCG-1,1
TTGCTCCCATACCGGA-1,5
TTGCTGAAGGAACCAC-1,3
TTGCTGATCATGTTCG-1,7
TTGCTGCACCTATCCA-1,5
TTGCTGGCCGGGCTTC-1,2
TTGGAAGAATACAGTC-1,7
TTGGACATGTGGCTTA-1,7
TTGGACCATCTGGCAA-1,2
TTGGACCTATAACAGT-1,2
TTGGAGTCTCCCTTCT-1,6
TTGGATATCGTCTACG-1,5
TTGGATCGACTTCTGG-1,6
TTGGATTGGGTACCAC-1,2
TTGGCCATCTTGCGCT-1,5
TTGGCCTAGAATTTCG-1,4
TTGGCTCGCATGAGAC-1,2
TTGGGAAGACGAGCCG-1,2
TTGGGACACTGCCCGC-1,3
TTGGGCGGCGGTTGCC-1,5
TTGGTCACACTCGTAA-1,1
TTGGTTGCGGTGCGCG-1,1
TTGTAAGGACCTAAGT-1,7
TTGTAAGGCCAGTTGG-1,4
TTGTAATCCGTACTCG-1,7
TTGTATCACACAGAAT-1,6
TTGTCGTTCAGTTACC-1,2
TTGTGAACCTAATCCG-1,2
TTGTGCAGCCACGTCA-1,3
TTGTGGCCCTGACAGT-1,2
TTGTGGTAGGAGGGAT-1,7
TTGTGTATGCCACCAA-1,1
TTGTGTTTCCCGAAAG-1,5
TTGTTAGCAAATTCGA-1,2
TTGTTCAGTGTGCTAC-1,2
TTGTTGTGTGTCAAGA-1,5
TTGTTTCACATCCAGG-1,1
TTGTTTCATTAGTCTA-1,1
TTGTTTCCATACAACT-1,7
TTGTTTGTGTAAATTC-1,6
